trial_id,gesture_label,gesture_name,repeat_index,stage,frame_index,prediction_time_s,raw_label,raw_name,smoothed_label,smoothed_name,confidence,proportional,window_start_sample,window_end_sample,prob_rest,prob_power,prob_open,prob_flexion,prob_extension
power_01,1,POWER,1,active,0,36.152301,3,FLEXION,3,FLEXION,1.000000,1.000000,0,100,0.00000000,0.00000000,0.00000000,1.00000000,0.00000000
power_01,1,POWER,1,active,1,36.252620,1,POWER,3,FLEXION,0.999926,0.876440,50,150,0.00000000,0.99992619,0.00000000,0.00007381,0.00000000
power_01,1,POWER,1,active,2,36.352699,1,POWER,1,POWER,0.999981,0.827794,100,200,0.00000000,0.99998113,0.00000000,0.00001887,0.00000000
power_01,1,POWER,1,active,3,36.462295,1,POWER,1,POWER,0.999976,0.417499,150,250,0.00000000,0.99997639,0.00000001,0.00002359,0.00000000
power_01,1,POWER,1,active,4,36.552558,1,POWER,1,POWER,0.999774,0.175328,200,300,0.00000088,0.99977369,0.00000147,0.00022396,0.00000000
power_01,1,POWER,1,active,5,36.652550,1,POWER,1,POWER,0.998163,0.030853,250,350,0.00001164,0.99816336,0.00006685,0.00175815,0.00000001
power_01,1,POWER,1,active,6,36.753593,1,POWER,1,POWER,0.996822,0.000000,300,400,0.00009673,0.99682194,0.00022996,0.00285136,0.00000001
power_01,1,POWER,1,active,7,36.853688,1,POWER,1,POWER,0.995046,0.000000,350,450,0.00058199,0.99504559,0.00014365,0.00422877,0.00000000
power_01,1,POWER,1,active,8,36.960455,1,POWER,1,POWER,0.989042,0.000000,400,500,0.00086568,0.98904157,0.00003926,0.01005349,0.00000000
power_01,1,POWER,1,active,9,37.053485,1,POWER,1,POWER,0.934070,0.000000,450,550,0.05440208,0.93406954,0.00045096,0.01107742,0.00000001
power_01,1,POWER,1,active,10,37.153794,1,POWER,1,POWER,0.553778,0.000000,500,600,0.44157452,0.55377800,0.00079856,0.00384891,0.00000002
power_01,1,POWER,1,active,11,37.254471,0,REST,1,POWER,0.946588,0.000000,550,650,0.94658752,0.05280622,0.00035224,0.00025402,0.00000000
power_01,1,POWER,1,active,12,37.353910,0,REST,1,POWER,0.999161,0.000000,600,700,0.99916077,0.00078605,0.00005112,0.00000207,0.00000000
power_01,1,POWER,1,active,13,37.454208,0,REST,0,REST,0.999179,0.000000,650,750,0.99917930,0.00079229,0.00002573,0.00000268,0.00000000
power_01,1,POWER,1,active,14,37.553733,0,REST,0,REST,0.997901,0.000000,700,800,0.99790070,0.00204322,0.00004791,0.00000816,0.00000000
power_01,1,POWER,1,active,15,37.653676,0,REST,0,REST,0.998251,0.000000,750,850,0.99825057,0.00158841,0.00015273,0.00000829,0.00000000
power_01,1,POWER,1,active,16,37.754694,0,REST,0,REST,0.999752,0.000000,800,900,0.99975191,0.00018247,0.00006425,0.00000136,0.00000000
power_01,1,POWER,1,active,17,37.855185,0,REST,0,REST,0.998637,0.000000,850,950,0.99863740,0.00132260,0.00003086,0.00000914,0.00000000
power_01,1,POWER,1,active,18,37.955104,0,REST,0,REST,0.752211,0.000000,900,1000,0.75221119,0.24635431,0.00049039,0.00094411,0.00000000
power_01,1,POWER,1,active,19,38.059312,0,REST,0,REST,0.776305,0.000000,950,1050,0.77630489,0.22271495,0.00054454,0.00043562,0.00000000
power_01,1,POWER,1,active,20,38.155033,0,REST,0,REST,0.963540,0.000000,1000,1100,0.96354030,0.03626088,0.00009883,0.00009999,0.00000000
power_01,1,POWER,1,active,21,38.254635,0,REST,0,REST,0.997426,0.000000,1050,1150,0.99742560,0.00250790,0.00005782,0.00000868,0.00000000
power_01,1,POWER,1,active,22,38.354614,0,REST,0,REST,0.991666,0.000000,1100,1200,0.99166612,0.00814060,0.00017721,0.00001607,0.00000000
power_01,1,POWER,1,active,23,38.454635,0,REST,0,REST,0.985749,0.000000,1150,1250,0.98574851,0.01406342,0.00015676,0.00003130,0.00000000
power_01,1,POWER,1,active,24,38.554684,0,REST,0,REST,0.982422,0.000000,1200,1300,0.98242248,0.01703496,0.00048836,0.00005419,0.00000000
power_01,1,POWER,1,active,25,38.660924,0,REST,0,REST,0.967079,0.000000,1250,1350,0.96707859,0.03149771,0.00137367,0.00005003,0.00000000
power_01,1,POWER,1,active,26,38.755794,0,REST,0,REST,0.997284,0.000000,1300,1400,0.99728439,0.00264421,0.00006126,0.00001014,0.00000000
power_01,1,POWER,1,active,27,38.855177,0,REST,0,REST,0.998483,0.000000,1350,1450,0.99848283,0.00145907,0.00005290,0.00000519,0.00000000
power_01,1,POWER,1,active,28,38.955737,0,REST,0,REST,0.998381,0.000000,1400,1500,0.99838112,0.00152777,0.00008738,0.00000373,0.00000000
power_01,1,POWER,1,active,29,39.055489,0,REST,0,REST,0.995341,0.000000,1450,1550,0.99534103,0.00432308,0.00030927,0.00002662,0.00000000
power_01,1,POWER,1,active,30,39.155212,0,REST,0,REST,0.997777,0.000000,1500,1600,0.99777741,0.00171059,0.00049509,0.00001690,0.00000000
power_01,1,POWER,1,active,31,39.255598,0,REST,0,REST,0.999780,0.000000,1550,1650,0.99978042,0.00013879,0.00008035,0.00000044,0.00000000
power_01,1,POWER,1,active,32,39.355682,0,REST,0,REST,0.999676,0.000000,1600,1700,0.99967558,0.00018905,0.00013481,0.00000056,0.00000000
power_01,1,POWER,1,active,33,39.455785,0,REST,0,REST,0.999573,0.000000,1650,1750,0.99957338,0.00035150,0.00007420,0.00000092,0.00000000
power_01,1,POWER,1,active,34,39.555895,0,REST,0,REST,0.999532,0.000000,1700,1800,0.99953193,0.00039132,0.00007315,0.00000360,0.00000000
power_01,1,POWER,1,active,35,39.656487,0,REST,0,REST,0.995474,0.000000,1750,1850,0.99547422,0.00432388,0.00016075,0.00004115,0.00000000
power_01,1,POWER,1,active,36,39.756035,0,REST,0,REST,0.999213,0.000000,1800,1900,0.99921336,0.00076818,0.00001622,0.00000223,0.00000000
power_01,1,POWER,1,active,37,39.856626,0,REST,0,REST,0.999461,0.000000,1850,1950,0.99946054,0.00049359,0.00004394,0.00000193,0.00000000
power_01,1,POWER,1,active,38,39.956152,0,REST,0,REST,0.999316,0.000000,1900,2000,0.99931644,0.00048745,0.00019360,0.00000251,0.00000000
power_01,1,POWER,1,active,39,40.056145,0,REST,0,REST,0.999580,0.000000,1950,2050,0.99958008,0.00032195,0.00009623,0.00000174,0.00000000
power_01,1,POWER,1,active,40,40.157034,0,REST,0,REST,0.999901,0.000000,2000,2100,0.99990115,0.00006459,0.00003408,0.00000017,0.00000000
power_01,1,POWER,1,active,41,40.256624,0,REST,0,REST,0.999819,0.000000,2050,2150,0.99981877,0.00002603,0.00015515,0.00000005,0.00000000
power_01,1,POWER,1,active,42,40.356611,0,REST,0,REST,0.998806,0.000000,2100,2200,0.99880616,0.00054138,0.00065100,0.00000145,0.00000000
power_01,1,POWER,1,active,43,40.456727,0,REST,0,REST,0.995789,0.000000,2150,2250,0.99578946,0.00371090,0.00048478,0.00001486,0.00000000
power_01,1,POWER,1,active,44,40.558510,0,REST,0,REST,0.998468,0.000000,2200,2300,0.99846844,0.00113927,0.00038730,0.00000499,0.00000000
power_01,1,POWER,1,active,45,40.657483,0,REST,0,REST,0.999467,0.000000,2250,2350,0.99946703,0.00046485,0.00006706,0.00000106,0.00000000
power_01,1,POWER,1,active,46,40.757233,0,REST,0,REST,0.999346,0.000000,2300,2400,0.99934620,0.00059144,0.00006132,0.00000103,0.00000000
power_01,1,POWER,1,active,47,40.857918,0,REST,0,REST,0.999643,0.000000,2350,2450,0.99964329,0.00027787,0.00007786,0.00000098,0.00000000
power_01,1,POWER,1,active,48,40.957684,0,REST,0,REST,0.999826,0.000000,2400,2500,0.99982618,0.00014325,0.00002978,0.00000080,0.00000000
power_01,1,POWER,1,active,49,41.058554,0,REST,0,REST,0.999252,0.000000,2450,2550,0.99925201,0.00051145,0.00023423,0.00000231,0.00000000
power_01,1,POWER,1,active,50,41.158317,0,REST,0,REST,0.997794,0.000000,2500,2600,0.99779446,0.00103909,0.00116306,0.00000340,0.00000000
power_01,1,POWER,1,active,51,41.257558,0,REST,0,REST,0.999175,0.000000,2550,2650,0.99917517,0.00057577,0.00024649,0.00000257,0.00000000
power_01,1,POWER,1,active,52,41.357652,0,REST,0,REST,0.999883,0.000000,2600,2700,0.99988313,0.00005976,0.00005689,0.00000022,0.00000000
power_01,1,POWER,1,active,53,41.457503,0,REST,0,REST,0.999910,0.000000,2650,2750,0.99990995,0.00004411,0.00004582,0.00000012,0.00000000
power_01,1,POWER,1,active,54,41.557635,0,REST,0,REST,0.999990,0.000000,2700,2800,0.99998965,0.00000443,0.00000591,0.00000001,0.00000000
power_01,1,POWER,1,active,55,41.657656,0,REST,0,REST,0.999996,0.000000,2750,2850,0.99999628,0.00000158,0.00000214,0.00000000,0.00000000
power_01,1,POWER,1,active,56,41.758746,0,REST,0,REST,0.999479,0.000000,2800,2900,0.99947874,0.00044682,0.00007268,0.00000176,0.00000000
power_01,1,POWER,1,active,57,41.858212,0,REST,0,REST,0.989014,0.000000,2850,2950,0.98901412,0.01060272,0.00032093,0.00006223,0.00000000
power_01,1,POWER,1,active,58,41.958452,0,REST,0,REST,0.999667,0.000000,2900,3000,0.99966712,0.00030540,0.00002596,0.00000153,0.00000000
power_01,1,POWER,1,active,59,42.058880,0,REST,0,REST,0.999619,0.000000,2950,3050,0.99961924,0.00035534,0.00002274,0.00000268,0.00000000
power_01,1,POWER,1,active,60,42.159185,0,REST,0,REST,0.999317,0.000000,3000,3100,0.99931719,0.00063790,0.00004078,0.00000413,0.00000000
power_01,1,POWER,1,active,61,42.258848,0,REST,0,REST,0.999742,0.000000,3050,3150,0.99974235,0.00018847,0.00006815,0.00000103,0.00000000
power_01,1,POWER,1,active,62,42.359384,0,REST,0,REST,0.999931,0.000000,3100,3200,0.99993102,0.00003500,0.00003386,0.00000011,0.00000000
power_01,1,POWER,1,active,63,42.460632,0,REST,0,REST,0.999929,0.000000,3150,3250,0.99992870,0.00002969,0.00004153,0.00000007,0.00000000
power_01,1,POWER,1,active,64,42.558845,0,REST,0,REST,0.999773,0.000000,3200,3300,0.99977277,0.00013530,0.00009141,0.00000052,0.00000000
power_01,1,POWER,1,active,65,42.659401,0,REST,0,REST,0.999701,0.000000,3250,3350,0.99970144,0.00021766,0.00008004,0.00000086,0.00000000
power_01,1,POWER,1,active,66,42.761623,0,REST,0,REST,0.999629,0.000000,3300,3400,0.99962883,0.00033567,0.00003459,0.00000091,0.00000000
power_01,1,POWER,1,active,67,42.859265,0,REST,0,REST,0.998810,0.000000,3350,3450,0.99880994,0.00114077,0.00004357,0.00000573,0.00000000
power_01,1,POWER,1,active,68,42.959249,0,REST,0,REST,0.995212,0.000000,3400,3500,0.99521226,0.00456576,0.00018995,0.00003202,0.00000000
power_01,1,POWER,1,active,69,43.060061,0,REST,0,REST,0.975242,0.000000,3450,3550,0.97524236,0.02426876,0.00038925,0.00009964,0.00000000
power_01,1,POWER,1,active,70,43.160037,0,REST,0,REST,0.988782,0.000000,3500,3600,0.98878249,0.01060214,0.00057930,0.00003608,0.00000000
power_01,1,POWER,1,active,71,43.259725,0,REST,0,REST,0.999781,0.000000,3550,3650,0.99978113,0.00015872,0.00005969,0.00000045,0.00000000
power_01,1,POWER,1,active,72,43.360237,0,REST,0,REST,0.999831,0.000000,3600,3700,0.99983085,0.00014301,0.00002576,0.00000038,0.00000000
power_01,1,POWER,1,active,73,43.459467,0,REST,0,REST,0.979373,0.000000,3650,3750,0.97937259,0.01858582,0.00194710,0.00009449,0.00000000
power_01,1,POWER,1,active,74,43.560057,0,REST,0,REST,0.974889,0.000000,3700,3800,0.97488942,0.02434146,0.00054567,0.00022345,0.00000000
power_01,1,POWER,1,active,75,43.660643,0,REST,0,REST,0.585239,0.000000,3750,3850,0.58523931,0.40973833,0.00062418,0.00439818,0.00000000
power_01,1,POWER,1,active,76,43.760661,1,POWER,0,REST,0.713681,0.000000,3800,3900,0.01987273,0.71368087,0.00230324,0.26414316,0.00000001
power_01,1,POWER,1,active,77,43.861042,3,FLEXION,0,REST,0.995515,0.000000,3850,3950,0.00000009,0.00389731,0.00012075,0.99551520,0.00046664
power_01,1,POWER,1,active,78,43.961160,3,FLEXION,0,REST,0.974868,0.000000,3900,4000,0.00000000,0.00000592,0.00000000,0.97486766,0.02512642
power_01,1,POWER,1,active,79,44.060630,3,FLEXION,3,FLEXION,0.999960,1.000000,3950,4050,0.00000000,0.00003994,0.00000000,0.99996005,0.00000000
power_01,1,POWER,1,active,80,44.160398,3,FLEXION,3,FLEXION,0.951848,0.520020,4000,4100,0.00000002,0.04799066,0.00016147,0.95184785,0.00000000
power_01,1,POWER,1,active,81,44.260912,0,REST,3,FLEXION,0.538414,0.327327,4050,4150,0.00000310,0.45536438,0.00621829,0.53841424,0.00000000
power_01,1,POWER,1,active,82,44.360536,3,FLEXION,3,FLEXION,0.552831,0.312778,4100,4200,0.00083749,0.37454427,0.07178763,0.55283061,0.00000001
power_01,1,POWER,1,active,83,44.460502,2,OPEN,3,FLEXION,0.638922,0.231640,4150,4250,0.00451713,0.10562336,0.63892222,0.25093730,0.00000000
power_01,1,POWER,1,active,84,44.567601,3,FLEXION,3,FLEXION,0.807250,0.188318,4200,4300,0.00080203,0.18982804,0.00212026,0.80724966,0.00000000
power_01,1,POWER,1,active,85,44.661608,3,FLEXION,3,FLEXION,0.892602,0.206716,4250,4350,0.00095849,0.10637055,0.00006877,0.89260216,0.00000004
power_01,1,POWER,1,active,86,44.761482,3,FLEXION,3,FLEXION,0.855489,0.206769,4300,4400,0.00061782,0.13980007,0.00409258,0.85548949,0.00000004
power_01,1,POWER,1,active,87,44.861571,3,FLEXION,3,FLEXION,0.726363,0.198819,4350,4450,0.00105925,0.22984333,0.04273442,0.72636291,0.00000008
power_01,1,POWER,1,active,88,44.961770,3,FLEXION,3,FLEXION,0.729801,0.169772,4400,4500,0.00332628,0.14738908,0.11948385,0.72980080,0.00000000
power_01,1,POWER,1,active,89,45.062204,3,FLEXION,3,FLEXION,0.636070,0.179816,4450,4550,0.00008444,0.21100869,0.15283713,0.63606974,0.00000000
power_01,1,POWER,1,active,90,45.161512,3,FLEXION,3,FLEXION,0.622135,0.211473,4500,4600,0.00000911,0.36393411,0.01392170,0.62213508,0.00000000
power_01,1,POWER,1,active,91,45.261581,1,POWER,3,FLEXION,0.897454,0.148373,4550,4650,0.00003350,0.89745401,0.02332607,0.07918642,0.00000000
power_01,1,POWER,1,active,92,45.363964,1,POWER,3,FLEXION,0.944866,0.127667,4600,4700,0.00009641,0.94486627,0.04281286,0.01222446,0.00000000
power_01,1,POWER,1,active,93,45.462490,1,POWER,1,POWER,0.960967,0.463610,4650,4750,0.00001127,0.96096732,0.00032658,0.03869483,0.00000000
power_01,1,POWER,1,active,94,45.568568,1,POWER,1,POWER,0.890605,0.515810,4700,4800,0.00052102,0.89060480,0.00206169,0.10681248,0.00000000
power_01,1,POWER,1,active,95,45.662538,1,POWER,1,POWER,0.821146,0.510067,4750,4850,0.02149623,0.82114575,0.02242894,0.13492845,0.00000063
power_01,1,POWER,1,active,96,45.762740,1,POWER,1,POWER,0.943629,0.495057,4800,4900,0.00360554,0.94362915,0.03311774,0.01949923,0.00014834
power_01,1,POWER,1,active,97,45.866548,1,POWER,1,POWER,0.558217,0.473937,4850,4950,0.00115661,0.55821750,0.42634288,0.01428129,0.00000172
power_01,1,POWER,1,active,98,45.962594,1,POWER,1,POWER,0.805414,0.411550,4900,5000,0.00120431,0.80541371,0.10331622,0.09006576,0.00000000
power_01,1,POWER,1,active,99,46.065257,1,POWER,1,POWER,0.570358,0.362928,4950,5050,0.00383418,0.57035813,0.37967431,0.04613338,0.00000000
power_01,1,POWER,1,active,100,46.162711,2,OPEN,1,POWER,0.836733,0.369518,5000,5100,0.00089654,0.14796536,0.83673285,0.01440524,0.00000000
power_01,1,POWER,1,active,101,46.263992,0,REST,1,POWER,0.480215,0.406708,5050,5150,0.00359122,0.42473970,0.48021543,0.09145362,0.00000003
power_01,1,POWER,1,active,102,46.363095,0,REST,1,POWER,0.475837,0.359274,5100,5200,0.03912208,0.47583707,0.05953453,0.42550632,0.00000001
power_01,1,POWER,1,active,103,46.465235,1,POWER,1,POWER,0.840302,0.312041,5150,5250,0.08411152,0.84030214,0.01387058,0.06171575,0.00000001
power_01,1,POWER,1,active,104,46.566514,1,POWER,1,POWER,0.836008,0.340860,5200,5300,0.12106615,0.83600765,0.02936398,0.01356179,0.00000043
power_01,1,POWER,1,active,105,46.666099,1,POWER,1,POWER,0.963929,0.390594,5250,5350,0.00130505,0.96392917,0.00677881,0.02798697,0.00000001
power_01,1,POWER,1,active,106,46.763183,1,POWER,1,POWER,0.932146,0.409500,5300,5400,0.00011665,0.93214563,0.00090081,0.06683691,0.00000000
power_01,1,POWER,1,active,107,46.864018,1,POWER,1,POWER,0.624304,0.367002,5350,5450,0.01336607,0.62430383,0.17594236,0.18638774,0.00000000
power_01,1,POWER,1,active,108,46.965764,1,POWER,1,POWER,0.670778,0.354614,5400,5500,0.01006700,0.67077792,0.27609934,0.04305454,0.00000120
power_01,1,POWER,1,active,109,47.063601,1,POWER,1,POWER,0.960903,0.356567,5450,5550,0.00076984,0.96090288,0.02142306,0.01690422,0.00000000
power_01,1,POWER,1,active,110,47.163994,1,POWER,1,POWER,0.922136,0.355880,5500,5600,0.00104794,0.92213623,0.03894827,0.03786757,0.00000000
power_01,1,POWER,1,active,111,47.264589,1,POWER,1,POWER,0.804795,0.346568,5550,5650,0.00303372,0.80479454,0.10691797,0.08525374,0.00000003
power_01,1,POWER,1,active,112,47.364121,1,POWER,1,POWER,0.895294,0.317126,5600,5700,0.00177532,0.89529402,0.00233634,0.10059431,0.00000002
power_01,1,POWER,1,active,113,47.463666,1,POWER,1,POWER,0.973066,0.305542,5650,5750,0.00254572,0.97306633,0.00029773,0.02409022,0.00000000
power_01,1,POWER,1,active,114,47.564776,1,POWER,1,POWER,0.960287,0.315102,5700,5800,0.00566271,0.96028731,0.00087227,0.03317771,0.00000000
power_01,1,POWER,1,active,115,47.664529,1,POWER,1,POWER,0.970778,0.308230,5750,5850,0.00987120,0.97077796,0.00605181,0.01329894,0.00000009
power_01,1,POWER,1,active,116,47.764577,1,POWER,1,POWER,0.643113,0.315127,5800,5900,0.00719514,0.64311320,0.34381418,0.00587746,0.00000003
power_01,1,POWER,1,active,117,47.864967,1,POWER,1,POWER,0.904493,0.314824,5850,5950,0.00433562,0.90449320,0.03391084,0.05726034,0.00000000
power_01,1,POWER,1,active,118,47.964558,1,POWER,1,POWER,0.834452,0.343923,5900,6000,0.01031741,0.83445231,0.00648748,0.14874279,0.00000000
power_01,1,POWER,1,active,119,48.065089,3,FLEXION,1,POWER,0.561973,0.363330,5950,6050,0.01290548,0.42409891,0.00102305,0.56197256,0.00000000
power_01,1,POWER,1,active,120,48.165296,3,FLEXION,1,POWER,0.980078,0.407320,6000,6100,0.00021424,0.01970548,0.00000226,0.98007802,0.00000000
power_01,1,POWER,1,active,121,48.264640,3,FLEXION,3,FLEXION,0.998821,0.182369,6050,6150,0.00003561,0.00113956,0.00000363,0.99882119,0.00000000
power_01,1,POWER,1,active,122,48.364595,3,FLEXION,3,FLEXION,0.926519,0.146696,6100,6200,0.00337450,0.06957690,0.00052959,0.92651901,0.00000001
power_01,1,POWER,1,active,123,48.465560,1,POWER,3,FLEXION,0.731333,0.087216,6150,6250,0.10878575,0.73133350,0.00293932,0.15692885,0.00001258
power_01,1,POWER,1,active,124,48.565532,1,POWER,3,FLEXION,0.554949,0.068982,6200,6300,0.10966082,0.55494856,0.00104695,0.33434032,0.00000334
power_01,1,POWER,1,active,125,48.665594,3,FLEXION,3,FLEXION,0.677097,0.062635,6250,6350,0.00649590,0.31636173,0.00004565,0.67709672,0.00000001
power_01,1,POWER,1,active,126,48.765006,3,FLEXION,3,FLEXION,0.599317,0.073510,6300,6400,0.01974884,0.36755680,0.01337769,0.59931667,0.00000000
power_01,1,POWER,1,active,127,48.867642,3,FLEXION,3,FLEXION,0.902459,0.131334,6350,6450,0.00215530,0.07373546,0.02165061,0.90245863,0.00000000
power_01,1,POWER,1,active,128,48.965506,3,FLEXION,3,FLEXION,0.595654,0.115932,6400,6500,0.00091470,0.39866996,0.00476097,0.59565436,0.00000002
power_01,1,POWER,1,active,129,49.066323,0,REST,3,FLEXION,0.549302,0.060279,6450,6550,0.11269673,0.54930203,0.01079449,0.32720668,0.00000008
power_01,1,POWER,1,active,130,49.166404,1,POWER,3,FLEXION,0.645483,0.046382,6500,6600,0.05194697,0.64548331,0.01952533,0.28304440,0.00000000
power_01,1,POWER,1,active,131,49.265533,1,POWER,3,FLEXION,0.821421,0.046584,6550,6650,0.00154326,0.82142139,0.05285056,0.12418478,0.00000000
power_01,1,POWER,1,active,132,49.365997,1,POWER,1,POWER,0.950846,0.232469,6600,6700,0.00343271,0.95084618,0.00714406,0.03857705,0.00000001
power_01,1,POWER,1,active,133,49.465693,1,POWER,1,POWER,0.955206,0.240022,6650,6750,0.00380028,0.95520649,0.00157355,0.03941968,0.00000000
power_01,1,POWER,1,active,134,49.566571,1,POWER,1,POWER,0.866092,0.354887,6700,6800,0.00280426,0.86609205,0.08962257,0.04148111,0.00000001
power_01,1,POWER,1,active,135,49.666918,1,POWER,1,POWER,0.626764,0.870350,6750,6850,0.00000709,0.62676371,0.00696425,0.36625860,0.00000635
power_01,1,POWER,1,active,136,49.766647,4,EXTENSION,1,POWER,0.856555,1.000000,6800,6900,0.00000000,0.00841903,0.10145934,0.03356698,0.85655466
power_01,1,POWER,1,active,137,49.866203,4,EXTENSION,1,POWER,0.999995,1.000000,6850,6950,0.00000000,0.00000006,0.00000260,0.00000259,0.99999476
power_01,1,POWER,1,active,138,49.966647,3,FLEXION,1,POWER,0.759966,1.000000,6900,7000,0.00000000,0.00167019,0.00151898,0.75996626,0.23684456
power_01,1,POWER,1,active,139,50.067064,3,FLEXION,1,POWER,0.848452,1.000000,6950,7050,0.00000000,0.01639213,0.13503883,0.84845211,0.00011693
power_01,1,POWER,1,active,140,50.166927,2,OPEN,1,POWER,0.978700,1.000000,7000,7100,0.00000000,0.01290121,0.97870049,0.00839821,0.00000009
power_01,1,POWER,1,active,141,50.266636,2,OPEN,1,POWER,0.999788,1.000000,7050,7150,0.00000000,0.00005455,0.99978840,0.00013702,0.00002003
power_01,1,POWER,1,active,142,50.368086,4,EXTENSION,1,POWER,0.965885,1.000000,7100,7200,0.00000000,0.00002913,0.01338540,0.02070007,0.96588540
power_01,1,POWER,1,active,143,50.466938,4,EXTENSION,1,POWER,0.989934,1.000000,7150,7250,0.00000000,0.00039324,0.00033879,0.00933390,0.98993406
power_01,1,POWER,1,active,144,50.567952,4,EXTENSION,4,EXTENSION,0.870656,0.694741,7200,7300,0.00000105,0.07346834,0.00044681,0.05542768,0.87065612
power_01,1,POWER,1,active,145,50.667544,1,POWER,4,EXTENSION,0.850302,0.353791,7250,7350,0.00002561,0.85030161,0.00072417,0.14894255,0.00000605
power_01,1,POWER,1,active,146,50.767426,1,POWER,4,EXTENSION,0.987076,0.048914,7300,7400,0.00149908,0.98707579,0.00137335,0.01005178,0.00000000
power_01,1,POWER,1,active,147,50.867400,1,POWER,1,POWER,0.958352,0.067247,7350,7450,0.03118721,0.95835168,0.00111433,0.00934675,0.00000002
power_01,1,POWER,1,active,148,50.967796,1,POWER,1,POWER,0.855728,0.034670,7400,7500,0.13964598,0.85572792,0.00032329,0.00430280,0.00000000
power_01,1,POWER,1,active,149,51.068120,1,POWER,1,POWER,0.635375,0.037029,7450,7550,0.36258836,0.63537527,0.00080756,0.00122881,0.00000001
power_01,1,POWER,1,active,150,51.170558,1,POWER,1,POWER,0.823502,0.090470,7500,7600,0.16531131,0.82350195,0.00530338,0.00588313,0.00000023
power_01,1,POWER,1,active,151,51.268201,0,REST,1,POWER,0.559953,0.073166,7550,7650,0.55995327,0.42911653,0.00641653,0.00451219,0.00000148
power_01,1,POWER,1,active,152,51.368603,0,REST,1,POWER,0.929126,0.010389,7600,7700,0.92912554,0.06788252,0.00274713,0.00024446,0.00000035
power_01,1,POWER,1,active,153,51.468343,0,REST,0,REST,0.656482,0.000000,7650,7750,0.65648234,0.34002018,0.00219176,0.00130571,0.00000002
power_01,1,POWER,1,active,154,51.568912,1,POWER,0,REST,0.680713,0.000000,7700,7800,0.31034633,0.68071291,0.00163755,0.00730315,0.00000006
power_01,1,POWER,1,active,155,51.668449,0,REST,0,REST,0.557278,0.000000,7750,7850,0.55727828,0.42224463,0.01265147,0.00782543,0.00000019
power_01,1,POWER,1,active,156,51.769280,1,POWER,0,REST,0.810776,0.000000,7800,7900,0.12294327,0.81077569,0.06396088,0.00231986,0.00000030
power_01,1,POWER,1,active,157,51.868832,1,POWER,1,POWER,0.830389,0.072007,7850,7950,0.16030421,0.83038940,0.00531370,0.00399252,0.00000017
power_01,1,POWER,1,active,158,51.968626,1,POWER,1,POWER,0.835575,0.057495,7900,8000,0.15623813,0.83557476,0.00132039,0.00686669,0.00000002
power_01,1,POWER,1,active,159,52.068687,1,POWER,1,POWER,0.967947,0.078643,7950,8050,0.02885724,0.96794688,0.00031390,0.00288150,0.00000048
power_01,1,POWER,1,active,160,52.168519,1,POWER,1,POWER,0.919819,0.075904,8000,8100,0.07024227,0.91981869,0.00031822,0.00962082,0.00000000
power_01,1,POWER,1,active,161,52.269419,1,POWER,1,POWER,0.680489,0.086404,8050,8150,0.31167789,0.68048883,0.00358116,0.00425210,0.00000001
power_01,1,POWER,1,active,162,52.369599,1,POWER,1,POWER,0.656983,0.074590,8100,8200,0.33788132,0.65698320,0.00419005,0.00094538,0.00000005
power_01,1,POWER,1,active,163,52.469525,1,POWER,1,POWER,0.964033,0.034014,8150,8250,0.03316404,0.96403284,0.00212988,0.00067325,0.00000000
power_01,1,POWER,1,active,164,52.570390,1,POWER,1,POWER,0.810606,0.017250,8200,8300,0.18482741,0.81060644,0.00233541,0.00223074,0.00000000
power_01,1,POWER,1,active,165,52.669083,1,POWER,1,POWER,0.734532,0.004769,8250,8350,0.25593433,0.73453205,0.00220337,0.00733025,0.00000000
power_01,1,POWER,1,active,166,52.769903,1,POWER,1,POWER,0.869322,0.000000,8300,8400,0.12211535,0.86932223,0.00357459,0.00498782,0.00000001
power_01,1,POWER,1,active,167,52.869550,1,POWER,1,POWER,0.733552,0.000000,8350,8450,0.26160325,0.73355175,0.00130453,0.00354047,0.00000000
power_01,1,POWER,1,active,168,52.969935,1,POWER,1,POWER,0.896613,0.013601,8400,8500,0.09545255,0.89661262,0.00043517,0.00749966,0.00000000
power_01,1,POWER,1,active,169,53.070071,1,POWER,1,POWER,0.894986,0.022758,8450,8550,0.08169843,0.89498550,0.00096552,0.02234987,0.00000067
power_01,1,POWER,1,active,170,53.170449,1,POWER,1,POWER,0.860221,0.038685,8500,8600,0.12542702,0.86022139,0.00035190,0.01399903,0.00000066
power_01,1,POWER,1,active,171,53.270527,1,POWER,1,POWER,0.984990,0.179953,8550,8650,0.00936595,0.98499026,0.00017458,0.00546798,0.00000122
power_01,1,POWER,1,active,172,53.370277,1,POWER,1,POWER,0.958210,0.236434,8600,8700,0.02029037,0.95821036,0.00237066,0.01910780,0.00002081
power_01,1,POWER,1,active,173,53.471655,1,POWER,1,POWER,0.869375,0.283143,8650,8750,0.08209146,0.86937450,0.00314532,0.04537494,0.00001378
power_02,1,POWER,2,countdown,0,0.199065,0,REST,0,REST,1.000000,0.000000,0,100,1.00000000,0.00000000,0.00000000,0.00000000,0.00000000
power_02,1,POWER,2,countdown,1,0.297808,1,POWER,0,REST,0.999922,0.000000,50,150,0.00000000,0.99992177,0.00000000,0.00007652,0.00000171
power_02,1,POWER,2,countdown,2,0.397084,1,POWER,1,POWER,0.999960,0.825999,100,200,0.00000000,0.99995998,0.00000000,0.00003990,0.00000011
power_02,1,POWER,2,countdown,3,0.498542,1,POWER,1,POWER,0.999981,0.413978,150,250,0.00000018,0.99998138,0.00000001,0.00001829,0.00000014
power_02,1,POWER,2,countdown,4,0.597292,1,POWER,1,POWER,0.999937,0.171657,200,300,0.00001127,0.99993667,0.00000018,0.00004989,0.00000200
power_02,1,POWER,2,countdown,5,0.696930,1,POWER,1,POWER,0.999588,0.036416,250,350,0.00017736,0.99958753,0.00000140,0.00023341,0.00000029
power_02,1,POWER,2,countdown,6,0.798771,1,POWER,1,POWER,0.999364,0.000000,300,400,0.00019350,0.99936411,0.00000649,0.00043590,0.00000001
power_02,1,POWER,2,countdown,7,0.900468,1,POWER,1,POWER,0.998572,0.000000,350,450,0.00035088,0.99857244,0.00006627,0.00101011,0.00000030
power_02,1,POWER,2,countdown,8,0.998237,1,POWER,1,POWER,0.992431,0.000000,400,500,0.00522683,0.99243147,0.00020898,0.00213261,0.00000011
power_02,1,POWER,2,countdown,9,1.099029,1,POWER,1,POWER,0.844469,0.000000,450,550,0.15335355,0.84446868,0.00024740,0.00193032,0.00000004
power_02,1,POWER,2,countdown,10,1.197533,0,REST,1,POWER,0.570388,0.000000,500,600,0.57038778,0.42824163,0.00052254,0.00084450,0.00000355
power_02,1,POWER,2,countdown,11,1.301027,0,REST,1,POWER,0.529291,0.000000,550,650,0.52929103,0.46944059,0.00065007,0.00061829,0.00000002
power_02,1,POWER,2,countdown,12,1.397211,0,REST,0,REST,0.633784,0.000000,600,700,0.63378352,0.36468866,0.00115741,0.00037041,0.00000000
power_02,1,POWER,2,countdown,13,1.500494,0,REST,0,REST,0.926430,0.000000,650,750,0.92642974,0.07191737,0.00157273,0.00008015,0.00000000
power_02,1,POWER,2,countdown,14,1.603592,0,REST,0,REST,0.940396,0.000000,700,800,0.94039616,0.05828522,0.00126470,0.00005392,0.00000000
power_02,1,POWER,2,countdown,15,1.697802,1,POWER,0,REST,0.608754,0.000000,750,850,0.39000169,0.60875410,0.00067398,0.00057023,0.00000000
power_02,1,POWER,2,countdown,16,1.801150,1,POWER,0,REST,0.917710,0.000000,800,900,0.07944240,0.91771029,0.00127930,0.00156796,0.00000005
power_02,1,POWER,2,countdown,17,1.898570,1,POWER,1,POWER,0.578937,0.000000,850,950,0.41168093,0.57893695,0.00862326,0.00075885,0.00000000
power_02,1,POWER,2,countdown,18,2.000850,0,REST,1,POWER,0.885322,0.000000,900,1000,0.88532249,0.11255979,0.00192856,0.00018916,0.00000000
power_02,1,POWER,2,countdown,19,2.098556,0,REST,1,POWER,0.846386,0.000000,950,1050,0.84638601,0.15223274,0.00108554,0.00029570,0.00000000
power_02,1,POWER,2,countdown,20,2.198577,0,REST,0,REST,0.668165,0.000000,1000,1100,0.66816478,0.32866537,0.00135224,0.00181760,0.00000001
power_02,1,POWER,2,countdown,21,2.301677,0,REST,0,REST,0.982852,0.000000,1050,1150,0.98285164,0.01690856,0.00021035,0.00002945,0.00000000
power_02,1,POWER,2,countdown,22,2.400919,0,REST,0,REST,0.995741,0.000000,1100,1200,0.99574128,0.00416452,0.00009262,0.00000158,0.00000000
power_02,1,POWER,2,countdown,23,2.498585,0,REST,0,REST,0.883202,0.000000,1150,1250,0.88320223,0.11618124,0.00052764,0.00008889,0.00000000
power_02,1,POWER,2,countdown,24,2.602616,0,REST,0,REST,0.764404,0.000000,1200,1300,0.76440389,0.23380859,0.00160381,0.00018372,0.00000000
power_02,1,POWER,2,countdown,25,2.700979,0,REST,0,REST,0.953710,0.000000,1250,1350,0.95370969,0.04367476,0.00254326,0.00007229,0.00000000
power_02,1,POWER,2,countdown,26,2.799609,0,REST,0,REST,0.900830,0.000000,1300,1400,0.90082983,0.09833396,0.00073161,0.00010460,0.00000000
power_02,1,POWER,2,countdown,27,2.899676,1,POWER,0,REST,0.577405,0.000000,1350,1450,0.42125611,0.57740505,0.00062029,0.00071854,0.00000000
power_02,1,POWER,2,countdown,28,2.999672,0,REST,0,REST,0.940301,0.000000,1400,1500,0.94030052,0.05871020,0.00083016,0.00015912,0.00000000
power_02,1,POWER,2,active,29,3.099655,0,REST,0,REST,0.650066,0.000000,1450,1550,0.65006626,0.34835159,0.00137098,0.00021117,0.00000000
power_02,1,POWER,2,active,30,3.199639,1,POWER,0,REST,0.982320,0.000000,1500,1600,0.01730757,0.98231984,0.00008262,0.00028995,0.00000001
power_02,1,POWER,2,active,31,3.300003,1,POWER,1,POWER,0.858349,1.000000,1550,1650,0.00000269,0.85834855,0.00000005,0.14164103,0.00000768
power_02,1,POWER,2,active,32,3.401135,4,EXTENSION,1,POWER,0.999979,1.000000,1600,1700,0.00000000,0.00000004,0.00000000,0.00002104,0.99997892
power_02,1,POWER,2,active,33,3.499844,4,EXTENSION,1,POWER,0.999992,1.000000,1650,1750,0.00000000,0.00000213,0.00000001,0.00000575,0.99999210
power_02,1,POWER,2,active,34,3.600615,0,REST,1,POWER,0.498217,1.000000,1700,1800,0.00000001,0.49821734,0.44617034,0.05559911,0.00001320
power_02,1,POWER,2,active,35,3.700569,2,OPEN,1,POWER,0.963930,0.856818,1750,1850,0.00000004,0.02997635,0.96393036,0.00609326,0.00000000
power_02,1,POWER,2,active,36,3.800511,1,POWER,1,POWER,0.806479,0.592536,1800,1900,0.00030139,0.80647862,0.08490125,0.10831869,0.00000004
power_02,1,POWER,2,active,37,3.900245,1,POWER,1,POWER,0.692031,0.528401,1850,1950,0.00107543,0.69203109,0.00015266,0.30674023,0.00000059
power_02,1,POWER,2,active,38,4.000805,1,POWER,1,POWER,0.748426,0.484228,1900,2000,0.00130441,0.74842574,0.00360206,0.24666731,0.00000047
power_02,1,POWER,2,active,39,4.100501,1,POWER,1,POWER,0.741324,0.452767,1950,2050,0.00477052,0.74132445,0.00417823,0.24972606,0.00000075
power_02,1,POWER,2,active,40,4.200644,3,FLEXION,1,POWER,0.765290,0.501778,2000,2100,0.02437387,0.20911382,0.00122119,0.76528979,0.00000133
power_02,1,POWER,2,active,41,4.302554,1,POWER,1,POWER,0.788797,0.487531,2050,2150,0.03851337,0.78879662,0.08005855,0.08912254,0.00350893
power_02,1,POWER,2,active,42,4.401480,1,POWER,1,POWER,0.856049,0.452554,2100,2200,0.00469084,0.85604941,0.12693614,0.01049361,0.00182999
power_02,1,POWER,2,active,43,4.501559,1,POWER,1,POWER,0.740121,0.432164,2150,2250,0.00781338,0.74012131,0.03407324,0.21797143,0.00002063
power_02,1,POWER,2,active,44,4.601519,1,POWER,1,POWER,0.880692,0.370755,2200,2300,0.00544874,0.88069156,0.01688449,0.09697454,0.00000067
power_02,1,POWER,2,active,45,4.701407,1,POWER,1,POWER,0.878220,0.343771,2250,2350,0.01458088,0.87821961,0.08651398,0.02063083,0.00005470
power_02,1,POWER,2,active,46,4.801958,0,REST,1,POWER,0.485054,0.385381,2300,2400,0.02837274,0.48505376,0.05665611,0.42990081,0.00001657
power_02,1,POWER,2,active,47,4.901531,3,FLEXION,1,POWER,0.791097,0.387233,2350,2450,0.00482968,0.19804779,0.00602513,0.79109738,0.00000002
power_02,1,POWER,2,active,48,5.004953,1,POWER,1,POWER,0.842497,0.405716,2400,2500,0.01862019,0.84249748,0.01141028,0.12747188,0.00000017
power_02,1,POWER,2,active,49,5.102202,1,POWER,1,POWER,0.857977,0.445080,2450,2550,0.00415346,0.85797698,0.00584055,0.13202900,0.00000000
power_02,1,POWER,2,active,50,5.204619,3,FLEXION,1,POWER,0.822343,0.431582,2500,2600,0.00120116,0.17568267,0.00077274,0.82234342,0.00000000
power_02,1,POWER,2,active,51,5.301545,1,POWER,1,POWER,0.779056,0.392575,2550,2650,0.00137027,0.77905555,0.04155102,0.17802314,0.00000002
power_02,1,POWER,2,active,52,5.405139,2,OPEN,1,POWER,0.690010,0.328502,2600,2700,0.00051896,0.30811298,0.69000954,0.00135852,0.00000001
power_02,1,POWER,2,active,53,5.502401,1,POWER,1,POWER,0.935618,0.311305,2650,2750,0.01715014,0.93561777,0.04356618,0.00366575,0.00000017
power_02,1,POWER,2,active,54,5.602506,1,POWER,1,POWER,0.971737,0.380049,2700,2800,0.01393926,0.97173704,0.00581523,0.00849821,0.00001026
power_02,1,POWER,2,active,55,5.702860,1,POWER,1,POWER,0.879907,0.386890,2750,2850,0.01776207,0.87990662,0.08028885,0.02020793,0.00183452
power_02,1,POWER,2,active,56,5.805207,1,POWER,1,POWER,0.897445,0.328006,2800,2900,0.00462333,0.89744459,0.06452121,0.03339921,0.00001165
power_02,1,POWER,2,active,57,5.902812,1,POWER,1,POWER,0.939741,0.320626,2850,2950,0.00306761,0.93974143,0.00589150,0.05129945,0.00000001
power_02,1,POWER,2,active,58,6.002564,1,POWER,1,POWER,0.868670,0.309317,2900,3000,0.02516048,0.86866956,0.00285242,0.10331698,0.00000055
power_02,1,POWER,2,active,59,6.103304,1,POWER,1,POWER,0.940441,0.270643,2950,3050,0.02748647,0.94044106,0.00395650,0.02811467,0.00000130
power_02,1,POWER,2,active,60,6.202461,1,POWER,1,POWER,0.933698,0.305083,3000,3100,0.00603928,0.93369771,0.02385192,0.03641108,0.00000002
power_02,1,POWER,2,active,61,6.303396,1,POWER,1,POWER,0.896007,0.312109,3050,3150,0.00529993,0.89600679,0.04500245,0.05369076,0.00000007
power_02,1,POWER,2,active,62,6.403429,1,POWER,1,POWER,0.857675,0.245780,3100,3200,0.00936041,0.85767464,0.12686008,0.00610395,0.00000092
power_02,1,POWER,2,active,63,6.503413,1,POWER,1,POWER,0.904432,0.237003,3150,3250,0.00940938,0.90443248,0.07027034,0.01588346,0.00000434
power_03,1,POWER,3,countdown,0,0.200600,0,REST,0,REST,1.000000,0.000000,0,100,1.00000000,0.00000000,0.00000000,0.00000000,0.00000000
power_03,1,POWER,3,countdown,1,0.301216,1,POWER,0,REST,0.999523,0.000000,50,150,0.00000000,0.99952290,0.00000000,0.00047667,0.00000043
power_03,1,POWER,3,countdown,2,0.401195,1,POWER,1,POWER,0.996465,0.942081,100,200,0.00000002,0.99646491,0.00000000,0.00352841,0.00000667
power_03,1,POWER,3,countdown,3,0.500666,1,POWER,1,POWER,0.976403,0.535212,150,250,0.00000339,0.97640293,0.00000001,0.02358731,0.00000636
power_03,1,POWER,3,countdown,4,0.601658,1,POWER,1,POWER,0.998046,0.264392,200,300,0.00005469,0.99804648,0.00000041,0.00189224,0.00000618
power_03,1,POWER,3,countdown,5,0.703761,1,POWER,1,POWER,0.998387,0.099560,250,350,0.00132110,0.99838704,0.00000064,0.00028121,0.00001001
power_03,1,POWER,3,countdown,6,0.800857,1,POWER,1,POWER,0.993340,0.179517,300,400,0.00496165,0.99333979,0.00000473,0.00169257,0.00000126
power_03,1,POWER,3,countdown,7,0.902844,1,POWER,1,POWER,0.976269,0.210629,350,450,0.01767158,0.97626914,0.00358169,0.00247586,0.00000173
power_03,1,POWER,3,countdown,8,1.001678,1,POWER,1,POWER,0.966101,0.112068,400,500,0.01475609,0.96610100,0.01807114,0.00107092,0.00000085
power_03,1,POWER,3,countdown,9,1.101682,1,POWER,1,POWER,0.985731,0.000000,450,550,0.01042717,0.98573147,0.00200769,0.00183366,0.00000001
power_03,1,POWER,3,countdown,10,1.203356,1,POWER,1,POWER,0.996860,0.000000,500,600,0.00205513,0.99686009,0.00002006,0.00106472,0.00000000
power_03,1,POWER,3,countdown,11,1.302121,1,POWER,1,POWER,0.998033,0.000000,550,650,0.00116697,0.99803316,0.00001284,0.00078703,0.00000000
power_03,1,POWER,3,countdown,12,1.402255,1,POWER,1,POWER,0.957177,0.000000,600,700,0.04135006,0.95717671,0.00005999,0.00141324,0.00000000
power_03,1,POWER,3,countdown,13,1.501511,0,REST,1,POWER,0.912926,0.000000,650,750,0.91292608,0.08692433,0.00009328,0.00005631,0.00000000
power_03,1,POWER,3,countdown,14,1.601678,0,REST,1,POWER,0.993651,0.000000,700,800,0.99365124,0.00607842,0.00026401,0.00000633,0.00000000
power_03,1,POWER,3,countdown,15,1.702876,0,REST,0,REST,0.970719,0.000000,750,850,0.97071929,0.02870769,0.00049113,0.00008189,0.00000000
power_03,1,POWER,3,countdown,16,1.803078,0,REST,0,REST,0.902739,0.000000,800,900,0.90273897,0.09643751,0.00058263,0.00024088,0.00000000
power_03,1,POWER,3,countdown,17,1.902141,0,REST,0,REST,0.789998,0.000000,850,950,0.78999836,0.20772504,0.00187976,0.00039685,0.00000000
power_03,1,POWER,3,countdown,18,2.003092,0,REST,0,REST,0.905999,0.000000,900,1000,0.90599917,0.09327818,0.00056785,0.00015479,0.00000000
power_03,1,POWER,3,countdown,19,2.102577,0,REST,0,REST,0.831423,0.000000,950,1050,0.83142288,0.16833071,0.00004190,0.00020451,0.00000000
power_03,1,POWER,3,countdown,20,2.202886,0,REST,0,REST,0.939080,0.000000,1000,1100,0.93907958,0.06081795,0.00004651,0.00005596,0.00000000
power_03,1,POWER,3,countdown,21,2.303248,0,REST,0,REST,0.935443,0.000000,1050,1150,0.93544291,0.06424437,0.00024310,0.00006962,0.00000000
power_03,1,POWER,3,countdown,22,2.402660,0,REST,0,REST,0.871067,0.000000,1100,1200,0.87106744,0.12849375,0.00022660,0.00021222,0.00000000
power_03,1,POWER,3,countdown,23,2.503703,0,REST,0,REST,0.966526,0.000000,1150,1250,0.96652623,0.03301257,0.00039676,0.00006443,0.00000000
power_03,1,POWER,3,countdown,24,2.603647,0,REST,0,REST,0.994586,0.000000,1200,1300,0.99458574,0.00503637,0.00035958,0.00001832,0.00000000
power_03,1,POWER,3,countdown,25,2.703457,0,REST,0,REST,0.979095,0.000000,1250,1350,0.97909503,0.02034510,0.00047793,0.00008194,0.00000000
power_03,1,POWER,3,countdown,26,2.805310,0,REST,0,REST,0.955969,0.000000,1300,1400,0.95596929,0.04337507,0.00060509,0.00005055,0.00000000
power_03,1,POWER,3,countdown,27,2.903243,0,REST,0,REST,0.931063,0.000000,1350,1450,0.93106291,0.06868596,0.00014135,0.00010978,0.00000000
power_03,1,POWER,3,active,28,3.003837,0,REST,0,REST,0.915342,0.000000,1400,1500,0.91534248,0.08434556,0.00018264,0.00012932,0.00000000
power_03,1,POWER,3,active,29,3.103661,0,REST,0,REST,0.585476,0.000000,1450,1550,0.58547627,0.41360523,0.00023933,0.00067885,0.00000032
power_03,1,POWER,3,active,30,3.203651,1,POWER,0,REST,0.945178,0.000000,1500,1600,0.00091587,0.94517789,0.00572236,0.04755785,0.00062603
power_03,1,POWER,3,active,31,3.306024,4,EXTENSION,0,REST,0.973435,0.000000,1550,1650,0.00000004,0.00484151,0.00002263,0.02170075,0.97343507
power_03,1,POWER,3,active,32,3.403908,3,FLEXION,0,REST,0.675461,0.000000,1600,1700,0.00000157,0.32442939,0.00002173,0.67546072,0.00008659
power_03,1,POWER,3,active,33,3.504538,3,FLEXION,0,REST,0.569668,0.000000,1650,1750,0.00023289,0.42989397,0.00015288,0.56966819,0.00005206
power_03,1,POWER,3,active,34,3.604449,3,FLEXION,3,FLEXION,0.613517,0.305711,1700,1800,0.00001194,0.38421608,0.00225481,0.61351717,0.00000000
power_03,1,POWER,3,active,35,3.704498,3,FLEXION,3,FLEXION,0.775341,0.234953,1750,1850,0.00003417,0.21955020,0.00507508,0.77534054,0.00000000
power_03,1,POWER,3,active,36,3.804449,3,FLEXION,3,FLEXION,0.600499,0.177907,1800,1900,0.00097087,0.39667552,0.00184460,0.60049906,0.00000995
power_03,1,POWER,3,active,37,3.904393,1,POWER,3,FLEXION,0.858263,0.156386,1850,1950,0.00752916,0.85826296,0.00932426,0.12488361,0.00000001
power_03,1,POWER,3,active,38,4.004667,1,POWER,3,FLEXION,0.932083,0.144249,1900,2000,0.00209501,0.93208278,0.01885929,0.04696292,0.00000000
power_03,1,POWER,3,active,39,4.104628,1,POWER,1,POWER,0.749879,0.404639,1950,2050,0.00081933,0.74987876,0.00379014,0.24551176,0.00000000
power_03,1,POWER,3,active,40,4.208589,1,POWER,1,POWER,0.686901,0.367733,2000,2100,0.01970845,0.68690073,0.21941493,0.07397558,0.00000032
power_03,1,POWER,3,active,41,4.305144,1,POWER,1,POWER,0.802690,0.387819,2050,2150,0.01292436,0.80268965,0.15629832,0.02808620,0.00000147
power_03,1,POWER,3,active,42,4.405486,1,POWER,1,POWER,0.656268,0.371796,2100,2200,0.04644408,0.65626763,0.27754835,0.01973281,0.00000713
power_03,1,POWER,3,active,43,4.505604,1,POWER,1,POWER,0.568693,0.335017,2150,2250,0.07377792,0.56869288,0.33445641,0.02299596,0.00007683
power_03,1,POWER,3,active,44,4.605615,1,POWER,1,POWER,0.862758,0.289058,2200,2300,0.02413416,0.86275787,0.00581527,0.10729190,0.00000080
power_03,1,POWER,3,active,45,4.705584,1,POWER,1,POWER,0.742769,0.311663,2250,2350,0.01697299,0.74276932,0.00209575,0.23816184,0.00000010
power_03,1,POWER,3,active,46,4.805485,1,POWER,1,POWER,0.926592,0.312270,2300,2400,0.00332243,0.92659153,0.02086381,0.04922223,0.00000000
power_03,1,POWER,3,active,47,4.905567,1,POWER,1,POWER,0.808727,0.262741,2350,2450,0.00512324,0.80872690,0.13988543,0.04626443,0.00000000
power_03,1,POWER,3,active,48,5.006229,1,POWER,1,POWER,0.790299,0.298574,2400,2500,0.00234360,0.79029924,0.04461602,0.16274114,0.00000000
power_03,1,POWER,3,active,49,5.108646,1,POWER,1,POWER,0.883506,0.289924,2450,2550,0.00052541,0.88350599,0.00035393,0.11561467,0.00000000
power_03,1,POWER,3,active,50,5.206725,1,POWER,1,POWER,0.968647,0.253703,2500,2600,0.00808945,0.96864680,0.00097427,0.02228941,0.00000007
power_03,1,POWER,3,active,51,5.306785,1,POWER,1,POWER,0.862630,0.245872,2550,2650,0.04415488,0.86263047,0.07904233,0.01416689,0.00000544
power_03,1,POWER,3,active,52,5.406559,1,POWER,1,POWER,0.934337,0.277212,2600,2700,0.02795230,0.93433732,0.01075394,0.02695217,0.00000428
power_03,1,POWER,3,active,53,5.508622,1,POWER,1,POWER,0.964057,0.291827,2650,2750,0.01108070,0.96405653,0.01127877,0.01358354,0.00000045
power_03,1,POWER,3,active,54,5.606424,1,POWER,1,POWER,0.845834,0.292677,2700,2800,0.00473590,0.84583371,0.04854081,0.10088952,0.00000006
power_04,1,POWER,4,countdown,0,0.198372,0,REST,0,REST,1.000000,0.000000,0,100,1.00000000,0.00000000,0.00000000,0.00000000,0.00000000
power_04,1,POWER,4,countdown,1,0.298142,4,EXTENSION,0,REST,0.998995,0.000000,50,150,0.00000000,0.00100492,0.00000000,0.00000001,0.99899506
power_04,1,POWER,4,countdown,2,0.398431,1,POWER,0,REST,0.989701,0.000000,100,200,0.00000003,0.98970084,0.00000000,0.00003396,0.01026517
power_04,1,POWER,4,countdown,3,0.498218,1,POWER,0,REST,0.999911,0.000000,150,250,0.00000078,0.99991091,0.00000000,0.00006876,0.00001956
power_04,1,POWER,4,countdown,4,0.598626,1,POWER,1,POWER,0.999917,0.173913,200,300,0.00000924,0.99991686,0.00000005,0.00006232,0.00001154
power_04,1,POWER,4,countdown,5,0.698048,1,POWER,1,POWER,0.999258,0.035462,250,350,0.00021890,0.99925763,0.00000148,0.00005751,0.00046448
power_04,1,POWER,4,countdown,6,0.799197,1,POWER,1,POWER,0.993608,0.000000,300,400,0.00438990,0.99360771,0.00001974,0.00023066,0.00175200
power_04,1,POWER,4,countdown,7,0.899053,1,POWER,1,POWER,0.981334,0.000000,350,450,0.01501828,0.98133404,0.00031532,0.00085142,0.00248095
power_04,1,POWER,4,countdown,8,0.999493,1,POWER,1,POWER,0.977090,0.000000,400,500,0.02096295,0.97709016,0.00069672,0.00115470,0.00009547
power_04,1,POWER,4,countdown,9,1.099171,1,POWER,1,POWER,0.900999,0.000000,450,550,0.09547150,0.90099912,0.00093768,0.00259161,0.00000010
power_04,1,POWER,4,countdown,10,1.198871,1,POWER,1,POWER,0.711494,0.000000,500,600,0.28597508,0.71149434,0.00059578,0.00193479,0.00000000
power_04,1,POWER,4,countdown,11,1.300059,0,REST,1,POWER,0.787893,0.000000,550,650,0.78789311,0.21108219,0.00063758,0.00038712,0.00000000
power_04,1,POWER,4,countdown,12,1.399058,0,REST,1,POWER,0.965703,0.000000,600,700,0.96570349,0.03356636,0.00061772,0.00011242,0.00000000
power_04,1,POWER,4,countdown,13,1.499070,0,REST,0,REST,0.936902,0.000000,650,750,0.93690243,0.06268228,0.00033492,0.00008037,0.00000000
power_04,1,POWER,4,countdown,14,1.600252,0,REST,0,REST,0.921097,0.000000,700,800,0.92109664,0.07834654,0.00041760,0.00013922,0.00000000
power_04,1,POWER,4,countdown,15,1.699994,0,REST,0,REST,0.884282,0.000000,750,850,0.88428154,0.11427493,0.00108563,0.00035790,0.00000000
power_04,1,POWER,4,countdown,16,1.801214,0,REST,0,REST,0.968726,0.000000,800,900,0.96872640,0.03091095,0.00030865,0.00005400,0.00000000
power_04,1,POWER,4,countdown,17,1.904306,0,REST,0,REST,0.984998,0.000000,850,950,0.98499753,0.01415279,0.00081502,0.00003466,0.00000000
power_04,1,POWER,4,countdown,18,2.000140,0,REST,0,REST,0.998182,0.000000,900,1000,0.99818177,0.00082592,0.00099065,0.00000165,0.00000000
power_04,1,POWER,4,countdown,19,2.100228,0,REST,0,REST,0.998814,0.000000,950,1050,0.99881440,0.00068388,0.00050037,0.00000135,0.00000000
power_04,1,POWER,4,countdown,20,2.200810,0,REST,0,REST,0.984610,0.000000,1000,1100,0.98461027,0.01479380,0.00055517,0.00004076,0.00000000
power_04,1,POWER,4,countdown,21,2.299984,0,REST,0,REST,0.969172,0.000000,1050,1150,0.96917235,0.03040150,0.00036793,0.00005822,0.00000000
power_04,1,POWER,4,countdown,22,2.400192,0,REST,0,REST,0.964467,0.000000,1100,1200,0.96446686,0.03430842,0.00119240,0.00003232,0.00000000
power_04,1,POWER,4,countdown,23,2.500185,0,REST,0,REST,0.918744,0.000000,1150,1250,0.91874371,0.07930325,0.00188952,0.00006352,0.00000000
power_04,1,POWER,4,countdown,24,2.600891,0,REST,0,REST,0.986176,0.000000,1200,1300,0.98617647,0.01362224,0.00018761,0.00001368,0.00000000
power_04,1,POWER,4,countdown,25,2.701021,0,REST,0,REST,0.997001,0.000000,1250,1350,0.99700072,0.00294143,0.00005465,0.00000320,0.00000000
power_04,1,POWER,4,countdown,26,2.801057,0,REST,0,REST,0.995815,0.000000,1300,1400,0.99581453,0.00403423,0.00014732,0.00000392,0.00000000
power_04,1,POWER,4,countdown,27,2.900761,0,REST,0,REST,0.998704,0.000000,1350,1450,0.99870363,0.00119827,0.00009729,0.00000081,0.00000000
power_04,1,POWER,4,active,28,3.000833,0,REST,0,REST,0.998185,0.000000,1400,1500,0.99818472,0.00172028,0.00009388,0.00000112,0.00000000
power_04,1,POWER,4,active,29,3.101062,0,REST,0,REST,0.971554,0.000000,1450,1550,0.97155408,0.02802365,0.00040857,0.00001371,0.00000000
power_04,1,POWER,4,active,30,3.200934,0,REST,0,REST,0.986926,0.000000,1500,1600,0.98692608,0.01280449,0.00025780,0.00001163,0.00000000
power_04,1,POWER,4,active,31,3.303462,0,REST,0,REST,0.711973,0.000000,1550,1650,0.71197276,0.26144314,0.01891962,0.00766397,0.00000051
power_04,1,POWER,4,active,32,3.401734,3,FLEXION,0,REST,0.910124,0.000000,1600,1700,0.00124526,0.01444783,0.00016196,0.91012432,0.07402062
power_04,1,POWER,4,active,33,3.501883,3,FLEXION,0,REST,0.998829,0.000000,1650,1750,0.00003523,0.00112266,0.00000382,0.99882905,0.00000924
power_04,1,POWER,4,active,34,3.602052,3,FLEXION,3,FLEXION,0.650486,0.408307,1700,1800,0.00589677,0.32123037,0.02237201,0.65048616,0.00001469
power_04,1,POWER,4,active,35,3.702081,1,POWER,3,FLEXION,0.962899,0.206089,1750,1850,0.00285383,0.96289923,0.02876091,0.00547716,0.00000886
power_04,1,POWER,4,active,36,3.802192,1,POWER,3,FLEXION,0.881566,0.142263,1800,1900,0.01320069,0.88156554,0.01648545,0.08874524,0.00000308
power_04,1,POWER,4,active,37,3.901646,1,POWER,1,POWER,0.750312,0.405782,1850,1950,0.02288762,0.75031166,0.01180556,0.21498924,0.00000591
power_04,1,POWER,4,active,38,4.001763,1,POWER,1,POWER,0.715911,0.364596,1900,2000,0.07206965,0.71591129,0.20468829,0.00732896,0.00000181
power_04,1,POWER,4,active,39,4.102566,2,OPEN,1,POWER,0.829113,0.400480,1950,2050,0.00236396,0.16599828,0.82911300,0.00252475,0.00000000
power_04,1,POWER,4,active,40,4.203329,1,POWER,1,POWER,0.725526,0.504937,2000,2100,0.00672514,0.72552626,0.00418928,0.26355908,0.00000024
power_04,1,POWER,4,active,41,4.302489,1,POWER,1,POWER,0.769532,0.467268,2050,2150,0.00114623,0.76953209,0.00013089,0.22919055,0.00000024
power_04,1,POWER,4,active,42,4.409180,1,POWER,1,POWER,0.893849,0.332133,2100,2200,0.00928985,0.89384888,0.00585517,0.09100594,0.00000016
power_04,1,POWER,4,active,43,4.503087,1,POWER,1,POWER,0.592260,0.289023,2150,2250,0.28364274,0.59226028,0.04331744,0.08077953,0.00000001
power_04,1,POWER,4,active,44,4.602664,1,POWER,1,POWER,0.853414,0.238495,2200,2300,0.08104775,0.85341367,0.05466277,0.01087580,0.00000001
power_04,1,POWER,4,active,45,4.704241,1,POWER,1,POWER,0.837668,0.237311,2250,2350,0.03456925,0.83766825,0.11674124,0.01102098,0.00000027
power_04,1,POWER,4,active,46,4.803208,1,POWER,1,POWER,0.797245,0.210943,2300,2400,0.08595155,0.79724543,0.09486837,0.02193365,0.00000100
power_04,1,POWER,4,active,47,4.903504,1,POWER,1,POWER,0.911486,0.180303,2350,2450,0.06536456,0.91148582,0.01418649,0.00890743,0.00005571
power_04,1,POWER,4,active,48,5.004839,0,REST,1,POWER,0.532281,0.201657,2400,2500,0.34490894,0.53228083,0.11373552,0.00895302,0.00012169
power_04,1,POWER,4,active,49,5.103978,1,POWER,1,POWER,0.603231,0.276862,2450,2550,0.31718100,0.60323114,0.00399880,0.07558407,0.00000498
power_04,1,POWER,4,active,50,5.203360,1,POWER,1,POWER,0.691751,0.313628,2500,2600,0.02691011,0.69175114,0.00062547,0.28071309,0.00000019
power_04,1,POWER,4,active,51,5.303525,1,POWER,1,POWER,0.578174,0.259151,2550,2650,0.31924791,0.57817361,0.01315205,0.08942417,0.00000226
power_04,1,POWER,4,active,52,5.405293,1,POWER,1,POWER,0.595406,0.216865,2600,2700,0.32618787,0.59540621,0.06659923,0.01179410,0.00001258
power_04,1,POWER,4,active,53,5.504264,1,POWER,1,POWER,0.839332,0.207018,2650,2750,0.06250914,0.83933217,0.08602285,0.01210915,0.00002670
power_04,1,POWER,4,active,54,5.603940,1,POWER,1,POWER,0.930113,0.199027,2700,2800,0.01828302,0.93011252,0.01266289,0.03894139,0.00000018
power_04,1,POWER,4,active,55,5.705187,1,POWER,1,POWER,0.957711,0.171541,2750,2850,0.02617187,0.95771141,0.00538566,0.01073105,0.00000001
power_04,1,POWER,4,active,56,5.804086,1,POWER,1,POWER,0.913662,0.181291,2800,2900,0.04884618,0.91366180,0.00742869,0.03006333,0.00000000
power_04,1,POWER,4,active,57,5.904627,1,POWER,1,POWER,0.767092,0.191886,2850,2950,0.03024242,0.76709177,0.01090609,0.19175972,0.00000000
power_04,1,POWER,4,active,58,6.005126,1,POWER,1,POWER,0.849481,0.188403,2900,3000,0.10605212,0.84948146,0.03209142,0.01237499,0.00000002
power_04,1,POWER,4,active,59,6.105124,1,POWER,1,POWER,0.758827,0.167480,2950,3050,0.19718226,0.75882736,0.04024843,0.00374158,0.00000037
power_04,1,POWER,4,active,60,6.205169,0,REST,1,POWER,0.562586,0.219386,3000,3100,0.56258643,0.34118913,0.00389396,0.09233016,0.00000032
power_04,1,POWER,4,active,61,6.305190,1,POWER,1,POWER,0.663659,0.229429,3050,3150,0.06180646,0.66365861,0.00216679,0.27236711,0.00000103
power_04,1,POWER,4,active,62,6.406958,1,POWER,1,POWER,0.959826,0.185315,3100,3200,0.02080032,0.95982579,0.00663630,0.01273757,0.00000002
power_04,1,POWER,4,active,63,6.505466,1,POWER,1,POWER,0.971208,0.201156,3150,3250,0.02202668,0.97120784,0.00475221,0.00201326,0.00000001
power_04,1,POWER,4,active,64,6.605219,1,POWER,1,POWER,0.915049,0.188317,3200,3300,0.07719468,0.91504918,0.00264094,0.00511204,0.00000316
power_04,1,POWER,4,active,65,6.705062,1,POWER,1,POWER,0.937176,0.253183,3250,3350,0.02745462,0.93717554,0.03216020,0.00320856,0.00000108
power_04,1,POWER,4,active,66,6.805115,1,POWER,1,POWER,0.916287,0.408927,3300,3400,0.00490585,0.91628748,0.06428644,0.01451622,0.00000401
power_04,1,POWER,4,active,67,6.905566,2,OPEN,1,POWER,0.697325,0.771816,3350,3450,0.00022628,0.28029336,0.69732533,0.02068518,0.00146985
power_04,1,POWER,4,active,68,7.006080,2,OPEN,1,POWER,0.969027,0.782814,3400,3500,0.00002346,0.02051024,0.96902733,0.01020894,0.00023002
power_04,1,POWER,4,active,69,7.105857,0,REST,1,POWER,0.468851,0.513432,3450,3550,0.01763501,0.38849596,0.46885072,0.12498640,0.00003192
power_04,1,POWER,4,active,70,7.206087,0,REST,1,POWER,0.468261,0.451123,3500,3600,0.07950267,0.46826133,0.05247997,0.39972995,0.00002608
power_04,1,POWER,4,active,71,7.306151,0,REST,0,REST,0.466993,0.000000,3550,3650,0.46699301,0.18279407,0.04462267,0.30546202,0.00012823
power_04,1,POWER,4,active,72,7.406015,0,REST,0,REST,0.809132,0.000000,3600,3700,0.80913161,0.09795110,0.01627692,0.07639019,0.00025018
power_04,1,POWER,4,active,73,7.507849,1,POWER,0,REST,0.589692,0.000000,3650,3750,0.15384103,0.58969174,0.04271591,0.21368244,0.00006887
power_04,1,POWER,4,active,74,7.606053,1,POWER,0,REST,0.658221,0.000000,3700,3800,0.27946799,0.65822062,0.03332988,0.02682948,0.00215204
power_04,1,POWER,4,active,75,7.706167,0,REST,0,REST,0.546906,0.000000,3750,3850,0.40642126,0.54690591,0.00407110,0.02227340,0.02032833
power_04,1,POWER,4,active,76,7.807862,0,REST,0,REST,0.512062,0.000000,3800,3900,0.30423110,0.51206227,0.00288012,0.18081963,0.00000688
power_04,1,POWER,4,active,77,7.907329,0,REST,0,REST,0.458041,0.000000,3850,3950,0.41915712,0.45804065,0.03877049,0.08402960,0.00000214
power_04,1,POWER,4,active,78,8.007060,0,REST,0,REST,0.540870,0.000000,3900,4000,0.54087038,0.06662341,0.37799425,0.01447017,0.00004180
power_04,1,POWER,4,active,79,8.108827,2,OPEN,0,REST,0.626900,0.000000,3950,4050,0.33650263,0.02497079,0.62689965,0.01162564,0.00000129
power_04,1,POWER,4,active,80,8.207218,0,REST,0,REST,0.543125,0.000000,4000,4100,0.54312478,0.18573534,0.12570466,0.14542672,0.00000851
power_04,1,POWER,4,active,81,8.306960,1,POWER,0,REST,0.626585,0.000000,4050,4150,0.28035239,0.62658460,0.01271666,0.08034561,0.00000074
power_04,1,POWER,4,active,82,8.407757,0,REST,0,REST,0.502740,0.000000,4100,4200,0.50274008,0.44385716,0.00355062,0.04985198,0.00000016
power_04,1,POWER,4,active,83,8.507646,0,REST,0,REST,0.605186,0.000000,4150,4250,0.60518630,0.16602415,0.00816099,0.22062813,0.00000044
power_04,1,POWER,4,active,84,8.607027,0,REST,0,REST,0.793780,0.000000,4200,4300,0.79377955,0.07589293,0.07541685,0.05490428,0.00000639
power_04,1,POWER,4,active,85,8.707107,0,REST,0,REST,0.919035,0.000000,4250,4350,0.91903538,0.05559460,0.01522838,0.01014085,0.00000079
power_04,1,POWER,4,active,86,8.807553,0,REST,0,REST,0.925619,0.000000,4300,4400,0.92561854,0.04071182,0.01067813,0.02297445,0.00001706
power_04,1,POWER,4,active,87,8.910023,0,REST,0,REST,0.706323,0.000000,4350,4450,0.70632321,0.17882490,0.00828107,0.10643206,0.00013876
power_04,1,POWER,4,active,88,9.008302,0,REST,0,REST,0.564692,0.000000,4400,4500,0.56469236,0.41450165,0.00240143,0.01840391,0.00000066
power_04,1,POWER,4,active,89,9.108733,1,POWER,0,REST,0.641577,0.000000,4450,4550,0.23260238,0.64157728,0.11520530,0.01061501,0.00000003
power_04,1,POWER,4,active,90,9.208393,2,OPEN,0,REST,0.867331,0.000000,4500,4600,0.00093220,0.12823850,0.86733098,0.00349830,0.00000001
power_04,1,POWER,4,active,91,9.308119,1,POWER,0,REST,0.911135,0.000000,4550,4650,0.00058568,0.91113455,0.03576366,0.05251602,0.00000008
power_04,1,POWER,4,active,92,9.408806,1,POWER,1,POWER,0.553356,0.746242,4600,4700,0.00126993,0.55335597,0.00046694,0.21919591,0.22571125
power_04,1,POWER,4,active,93,9.508118,4,EXTENSION,1,POWER,0.636242,0.823145,4650,4750,0.00009751,0.05930951,0.00007862,0.30427223,0.63624214
power_04,1,POWER,4,active,94,9.608905,3,FLEXION,1,POWER,0.973184,0.683575,4700,4800,0.00001518,0.02653651,0.00026407,0.97318423,0.00000001
power_04,1,POWER,4,active,95,9.709160,3,FLEXION,1,POWER,0.779095,0.564542,4750,4850,0.00001256,0.21751876,0.00337393,0.77909475,0.00000000
power_04,1,POWER,4,active,96,9.809251,3,FLEXION,3,FLEXION,0.689833,0.204053,4800,4900,0.00005489,0.30989115,0.00022116,0.68983252,0.00000028
power_04,1,POWER,4,active,97,9.909488,1,POWER,3,FLEXION,0.581906,0.198294,4850,4950,0.00010084,0.58190588,0.00038202,0.41761087,0.00000039
power_04,1,POWER,4,active,98,10.008861,1,POWER,3,FLEXION,0.952653,0.140201,4900,5000,0.00005050,0.95265343,0.00009680,0.04719926,0.00000000
power_04,1,POWER,4,active,99,10.109886,1,POWER,1,POWER,0.943385,0.349982,4950,5050,0.00198659,0.94338488,0.01087166,0.04375687,0.00000001
power_04,1,POWER,4,active,100,10.209724,1,POWER,1,POWER,0.643677,0.349493,5000,5100,0.01033529,0.64367702,0.32166065,0.02432704,0.00000001
power_04,1,POWER,4,active,101,10.309921,1,POWER,1,POWER,0.814725,0.400803,5050,5150,0.00139029,0.81472531,0.01076896,0.17311543,0.00000001
power_04,1,POWER,4,active,102,10.409283,1,POWER,1,POWER,0.930898,0.417262,5100,5200,0.00009767,0.93089765,0.00332359,0.06568108,0.00000001
power_04,1,POWER,4,active,103,10.509795,1,POWER,1,POWER,0.986290,0.320056,5150,5250,0.00045000,0.98628982,0.00248100,0.01077918,0.00000000
power_04,1,POWER,4,active,104,10.609407,1,POWER,1,POWER,0.800571,0.250025,5200,5300,0.03182139,0.80057139,0.09636185,0.07124537,0.00000000
power_04,1,POWER,4,active,105,10.710668,1,POWER,1,POWER,0.718455,0.345633,5250,5350,0.01489345,0.71845522,0.01522393,0.25142731,0.00000010
power_04,1,POWER,4,active,106,10.810113,1,POWER,1,POWER,0.842683,0.412746,5300,5400,0.00413922,0.84268263,0.00402586,0.14915176,0.00000052
power_04,1,POWER,4,active,107,10.910628,1,POWER,1,POWER,0.920715,0.342026,5350,5450,0.00489408,0.92071515,0.00720220,0.06718853,0.00000004
power_04,1,POWER,4,active,108,11.010031,1,POWER,1,POWER,0.917587,0.336934,5400,5500,0.00282221,0.91758658,0.02832857,0.05126260,0.00000004
power_04,1,POWER,4,active,109,11.110265,1,POWER,1,POWER,0.630963,0.324889,5450,5550,0.01709491,0.63096349,0.32461880,0.02732277,0.00000003
power_04,1,POWER,4,active,110,11.210155,1,POWER,1,POWER,0.824110,0.262799,5500,5600,0.09046955,0.82410950,0.02818204,0.05723881,0.00000010
power_04,1,POWER,4,active,111,11.310849,1,POWER,1,POWER,0.930696,0.277381,5550,5650,0.01295879,0.93069558,0.01094439,0.04540089,0.00000035
power_04,1,POWER,4,active,112,11.410480,1,POWER,1,POWER,0.840722,0.265486,5600,5700,0.03928587,0.84072161,0.07091948,0.04907299,0.00000006
power_04,1,POWER,4,active,113,11.510767,1,POWER,1,POWER,0.577557,0.274230,5650,5750,0.04488260,0.57755748,0.34759219,0.02996772,0.00000000
power_04,1,POWER,4,active,114,11.611139,1,POWER,1,POWER,0.814451,0.257756,5700,5800,0.00355178,0.81445108,0.17291115,0.00908598,0.00000000
power_04,1,POWER,4,active,115,11.711056,1,POWER,1,POWER,0.963396,0.238059,5750,5850,0.00140499,0.96339615,0.00521129,0.02998755,0.00000002
power_04,1,POWER,4,active,116,11.810917,1,POWER,1,POWER,0.867675,0.308236,5800,5900,0.00385615,0.86767541,0.00002738,0.12844106,0.00000000
power_04,1,POWER,4,active,117,11.911145,1,POWER,1,POWER,0.910544,0.359193,5850,5950,0.00011951,0.91054364,0.00002537,0.08931148,0.00000000
power_04,1,POWER,4,active,118,12.011343,3,FLEXION,1,POWER,0.960095,1.000000,5900,6000,0.00000000,0.03990110,0.00000381,0.96009509,0.00000000
power_04,1,POWER,4,active,119,12.113158,3,FLEXION,1,POWER,1.000000,1.000000,5950,6050,0.00000000,0.00000043,0.00000001,0.99999957,0.00000000
power_04,1,POWER,4,active,120,12.212134,3,FLEXION,3,FLEXION,0.999982,1.000000,6000,6100,0.00000000,0.00001115,0.00000671,0.99998214,0.00000000
power_04,1,POWER,4,active,121,12.312310,3,FLEXION,3,FLEXION,0.988215,1.000000,6050,6150,0.00000000,0.01142101,0.00036389,0.98821510,0.00000000
power_04,1,POWER,4,active,122,12.412048,3,FLEXION,3,FLEXION,0.987358,0.831078,6100,6200,0.00000000,0.01264109,0.00000048,0.98735843,0.00000000
power_04,1,POWER,4,active,123,12.513821,3,FLEXION,3,FLEXION,0.997943,0.609831,6150,6250,0.00000000,0.00202333,0.00003333,0.99794334,0.00000000
power_04,1,POWER,4,active,124,12.611583,3,FLEXION,3,FLEXION,0.966457,0.594540,6200,6300,0.00000001,0.00019487,0.03334861,0.96645651,0.00000000
power_04,1,POWER,4,active,125,12.715174,3,FLEXION,3,FLEXION,0.998972,0.611295,6250,6350,0.00000000,0.00009363,0.00093426,0.99897211,0.00000000
power_04,1,POWER,4,active,126,12.812417,3,FLEXION,3,FLEXION,0.810136,0.558469,6300,6400,0.00000001,0.00280656,0.18705760,0.81013582,0.00000000
power_04,1,POWER,4,active,127,12.912851,3,FLEXION,3,FLEXION,0.968846,0.512731,6350,6450,0.00000049,0.03048644,0.00066636,0.96884611,0.00000060
power_04,1,POWER,4,active,128,13.012130,3,FLEXION,3,FLEXION,0.983205,0.503365,6400,6500,0.00000055,0.01671020,0.00000717,0.98320535,0.00007673
power_04,1,POWER,4,active,129,13.113120,3,FLEXION,3,FLEXION,0.992026,0.444558,6450,6550,0.00001176,0.00637711,0.00158481,0.99202630,0.00000001
power_04,1,POWER,4,active,130,13.212307,3,FLEXION,3,FLEXION,0.982480,0.236195,6500,6600,0.00001408,0.01736235,0.00014390,0.98247967,0.00000000
power_04,1,POWER,4,active,131,13.313254,1,POWER,3,FLEXION,0.922920,0.083585,6550,6650,0.00006221,0.92292048,0.00016667,0.07685063,0.00000000
power_04,1,POWER,4,active,132,13.414203,1,POWER,3,FLEXION,0.992016,0.000000,6600,6700,0.00086528,0.99201603,0.00018688,0.00693177,0.00000004
power_04,1,POWER,4,active,133,13.512979,1,POWER,1,POWER,0.964249,0.034038,6650,6750,0.02023285,0.96424879,0.00045324,0.01506511,0.00000000
power_04,1,POWER,4,active,134,13.613120,1,POWER,1,POWER,0.949003,0.003363,6700,6800,0.04253452,0.94900274,0.00028304,0.00817969,0.00000000
power_04,1,POWER,4,active,135,13.713779,0,REST,1,POWER,0.506776,0.000000,6750,6850,0.48819041,0.50677650,0.00386898,0.00116408,0.00000002
power_04,1,POWER,4,active,136,13.813084,0,REST,1,POWER,0.500743,0.035385,6800,6900,0.50074293,0.49460272,0.00084655,0.00380777,0.00000002
power_04,1,POWER,4,active,137,13.914054,1,POWER,1,POWER,0.849981,0.061148,6850,6950,0.12154627,0.84998125,0.00081872,0.02765375,0.00000001
power_04,1,POWER,4,active,138,14.013286,1,POWER,1,POWER,0.733129,0.245130,6900,7000,0.19107393,0.73312884,0.04710386,0.02869337,0.00000000
power_04,1,POWER,4,active,139,14.113519,1,POWER,1,POWER,0.804189,0.461221,6950,7050,0.00148710,0.80418895,0.14146652,0.05285743,0.00000000
power_04,1,POWER,4,active,140,14.214157,2,OPEN,1,POWER,0.813508,0.643646,7000,7100,0.00002208,0.11916916,0.81350817,0.06730005,0.00000054
power_04,1,POWER,4,active,141,14.313988,2,OPEN,1,POWER,0.699465,0.847321,7050,7150,0.00000106,0.04282469,0.69946531,0.25752997,0.00017896
power_04,1,POWER,4,active,142,14.414534,2,OPEN,2,OPEN,0.954320,0.992238,7100,7200,0.00000003,0.02585124,0.95432000,0.01982872,0.00000000
power_04,1,POWER,4,active,143,14.513968,2,OPEN,2,OPEN,0.991366,0.769513,7150,7250,0.00000032,0.00852576,0.99136568,0.00010823,0.00000001
power_04,1,POWER,4,active,144,14.616125,2,OPEN,2,OPEN,0.916490,0.822094,7200,7300,0.00023262,0.01633156,0.91649043,0.06694474,0.00000065
power_04,1,POWER,4,active,145,14.713953,2,OPEN,2,OPEN,0.743943,0.855704,7250,7350,0.00002292,0.08405769,0.74394309,0.17197321,0.00000309
power_04,1,POWER,4,active,146,14.814090,1,POWER,2,OPEN,0.641943,0.769813,7300,7400,0.00000682,0.64194293,0.08963062,0.26841962,0.00000002
power_04,1,POWER,4,active,147,14.915086,3,FLEXION,2,OPEN,0.956273,0.783287,7350,7450,0.00001316,0.02911711,0.01459632,0.95627342,0.00000000
power_04,1,POWER,4,active,148,15.014932,3,FLEXION,2,OPEN,0.980661,0.716590,7400,7500,0.00003383,0.00863680,0.01066837,0.98066075,0.00000025
power_04,1,POWER,4,active,149,15.115487,3,FLEXION,3,FLEXION,0.941285,0.234672,7450,7550,0.00015294,0.04186579,0.01669485,0.94128484,0.00000157
power_04,1,POWER,4,active,150,15.215168,3,FLEXION,3,FLEXION,0.692714,0.153828,7500,7600,0.00256191,0.28883711,0.01588319,0.69271351,0.00000429
power_04,1,POWER,4,active,151,15.319996,1,POWER,3,FLEXION,0.742747,0.050051,7550,7650,0.04368909,0.74274713,0.00034103,0.21322246,0.00000029
power_04,1,POWER,4,active,152,15.415664,1,POWER,3,FLEXION,0.900543,0.000000,7600,7700,0.06636395,0.90054344,0.00017260,0.03291999,0.00000003
power_04,1,POWER,4,active,153,15.515087,1,POWER,1,POWER,0.922981,0.050493,7650,7750,0.04236328,0.92298117,0.00044403,0.03421151,0.00000000
power_04,1,POWER,4,active,154,15.615563,1,POWER,1,POWER,0.978749,0.000000,7700,7800,0.01752498,0.97874933,0.00003569,0.00369000,0.00000000
power_04,1,POWER,4,active,155,15.715829,1,POWER,1,POWER,0.782238,0.000000,7750,7850,0.21704877,0.78223793,0.00016098,0.00055231,0.00000001
power_04,1,POWER,4,active,156,15.815214,0,REST,1,POWER,0.737537,0.000000,7800,7900,0.73753694,0.26187548,0.00036143,0.00022615,0.00000000
power_04,1,POWER,4,active,157,15.916038,0,REST,1,POWER,0.625883,0.000000,7850,7950,0.62588298,0.37271490,0.00124961,0.00015251,0.00000000
power_04,1,POWER,4,active,158,16.016019,0,REST,0,REST,0.880566,0.000000,7900,8000,0.88056553,0.11910539,0.00026797,0.00006111,0.00000000
power_04,1,POWER,4,active,159,16.116013,0,REST,0,REST,0.806193,0.000000,7950,8050,0.80619252,0.19332330,0.00025484,0.00022932,0.00000001
power_04,1,POWER,4,active,160,16.216731,1,POWER,0,REST,0.876748,0.000000,8000,8100,0.12178191,0.87674756,0.00063287,0.00083719,0.00000048
power_04,1,POWER,4,active,161,16.316112,1,POWER,0,REST,0.986288,0.000000,8050,8150,0.00277390,0.98628764,0.00037401,0.00743008,0.00313437
power_04,1,POWER,4,active,162,16.417045,1,POWER,1,POWER,0.711998,0.781877,8100,8200,0.00005700,0.71199775,0.01301057,0.24450337,0.03043131
power_04,1,POWER,4,active,163,16.517213,0,REST,1,POWER,0.514883,0.838426,8150,8250,0.00001166,0.39510296,0.08876554,0.51488287,0.00123697
power_04,1,POWER,4,active,164,16.616263,3,FLEXION,1,POWER,0.642089,0.688555,8200,8300,0.00005575,0.32835290,0.02950208,0.64208866,0.00000060
power_04,1,POWER,4,active,165,16.728340,1,POWER,1,POWER,0.625081,0.524607,8250,8350,0.00018248,0.62508107,0.11790244,0.25683384,0.00000016
power_04,1,POWER,4,active,166,16.816594,1,POWER,1,POWER,0.949419,0.380501,8300,8400,0.00034684,0.94941882,0.02173597,0.02849636,0.00000201
power_04,1,POWER,4,active,167,16.919166,1,POWER,1,POWER,0.828249,0.316847,8350,8450,0.00412478,0.82824897,0.13972681,0.02789558,0.00000386
power_04,1,POWER,4,active,168,17.020887,1,POWER,1,POWER,0.822417,0.252453,8400,8500,0.02136300,0.82241689,0.13192240,0.02429768,0.00000003
power_04,1,POWER,4,active,169,17.118997,1,POWER,1,POWER,0.885924,0.210251,8450,8550,0.04068782,0.88592371,0.00523868,0.06814964,0.00000015
power_04,1,POWER,4,active,170,17.218680,1,POWER,1,POWER,0.819995,0.191212,8500,8600,0.07899315,0.81999549,0.04110498,0.05989571,0.00001067
power_04,1,POWER,4,active,171,17.380913,1,POWER,1,POWER,0.870022,0.210113,8550,8650,0.08661291,0.87002194,0.02200951,0.02135428,0.00000136
power_04,1,POWER,4,active,172,17.418361,1,POWER,1,POWER,0.993261,0.250483,8600,8700,0.00074806,0.99326067,0.00000017,0.00598820,0.00000290
power_04,1,POWER,4,active,173,17.517140,1,POWER,1,POWER,0.988486,0.225701,8650,8750,0.00327817,0.98848565,0.00000000,0.00823519,0.00000100
power_04,1,POWER,4,active,174,17.617696,1,POWER,1,POWER,1.000000,0.927132,8700,8800,0.00000000,1.00000000,0.00000000,0.00000000,0.00000000
power_04,1,POWER,4,active,175,17.719160,1,POWER,1,POWER,1.000000,1.000000,8750,8850,0.00000000,1.00000000,0.00000000,0.00000000,0.00000000
power_04,1,POWER,4,active,176,17.819579,1,POWER,1,POWER,0.999998,1.000000,8800,8900,0.00000168,0.99999817,0.00000000,0.00000014,0.00000000
power_05,1,POWER,5,countdown,0,0.198217,0,REST,0,REST,0.503897,0.000000,0,100,0.49610343,0.00000000,0.00000000,0.50389657,0.00000000
power_05,1,POWER,5,countdown,1,0.296800,3,FLEXION,0,REST,0.999108,0.000000,50,150,0.00000000,0.00089174,0.00000007,0.99910818,0.00000000
power_05,1,POWER,5,countdown,2,0.404851,0,REST,0,REST,0.512852,0.000000,100,200,0.00000001,0.48645723,0.00069036,0.51285216,0.00000025
power_05,1,POWER,5,countdown,3,0.496892,1,POWER,0,REST,0.946055,0.000000,150,250,0.00000081,0.94605479,0.00228605,0.05165798,0.00000037
power_05,1,POWER,5,countdown,4,0.597752,1,POWER,0,REST,0.974299,0.000000,200,300,0.00001898,0.97429912,0.00355790,0.02211899,0.00000501
power_05,1,POWER,5,countdown,5,0.697946,1,POWER,1,POWER,0.994629,0.146441,250,350,0.00007096,0.99462873,0.00171488,0.00356966,0.00001577
power_05,1,POWER,5,countdown,6,0.797624,1,POWER,1,POWER,0.998842,0.052375,300,400,0.00016491,0.99884222,0.00042415,0.00055155,0.00001718
power_05,1,POWER,5,countdown,7,0.898013,1,POWER,1,POWER,0.993609,0.139406,350,450,0.00457993,0.99360885,0.00087204,0.00093652,0.00000266
power_05,1,POWER,5,countdown,8,0.997850,1,POWER,1,POWER,0.992970,0.299011,400,500,0.00306398,0.99297006,0.00045270,0.00351248,0.00000078
power_05,1,POWER,5,countdown,9,1.098131,1,POWER,1,POWER,0.948764,0.553075,450,550,0.00329995,0.94876409,0.00000758,0.04790288,0.00002549
power_05,1,POWER,5,countdown,10,1.198773,3,FLEXION,1,POWER,0.999096,0.925537,500,600,0.00000092,0.00090034,0.00000009,0.99909628,0.00000237
power_05,1,POWER,5,countdown,11,1.298513,3,FLEXION,1,POWER,0.999966,1.000000,550,650,0.00000000,0.00003340,0.00000014,0.99996646,0.00000000
power_05,1,POWER,5,countdown,12,1.398897,3,FLEXION,3,FLEXION,0.999757,0.870198,600,700,0.00000000,0.00024251,0.00000003,0.99975746,0.00000000
power_05,1,POWER,5,countdown,13,1.498756,3,FLEXION,3,FLEXION,0.999999,0.757634,650,750,0.00000000,0.00000135,0.00000000,0.99999865,0.00000000
power_05,1,POWER,5,countdown,14,1.598815,3,FLEXION,3,FLEXION,0.999999,0.686045,700,800,0.00000000,0.00000123,0.00000000,0.99999877,0.00000000
power_05,1,POWER,5,countdown,15,1.699261,3,FLEXION,3,FLEXION,0.999724,0.685557,750,850,0.00000000,0.00027592,0.00000007,0.99972401,0.00000000
power_05,1,POWER,5,countdown,16,1.798669,3,FLEXION,3,FLEXION,0.964552,0.673880,800,900,0.00000001,0.03379474,0.00034389,0.96455167,0.00130970
power_05,1,POWER,5,countdown,17,1.899224,0,REST,3,FLEXION,0.509271,0.592499,850,950,0.00000173,0.43607431,0.00377429,0.50927147,0.05087820
power_05,1,POWER,5,countdown,18,1.999051,1,POWER,3,FLEXION,0.930086,0.387070,900,1000,0.00000798,0.93008587,0.04014007,0.02976492,0.00000115
power_05,1,POWER,5,countdown,19,2.099702,1,POWER,3,FLEXION,0.949178,0.227915,950,1050,0.00019368,0.94917848,0.04517039,0.00545279,0.00000467
power_05,1,POWER,5,countdown,20,2.199859,2,OPEN,3,FLEXION,0.803503,0.193593,1000,1100,0.00015098,0.19483833,0.80350300,0.00150670,0.00000099
power_05,1,POWER,5,countdown,21,2.301429,2,OPEN,3,FLEXION,0.800045,0.061282,1050,1150,0.00146595,0.19830432,0.80004451,0.00018492,0.00000029
power_05,1,POWER,5,countdown,22,2.399849,0,REST,3,FLEXION,0.810983,0.000000,1100,1200,0.81098263,0.15556305,0.03330785,0.00014269,0.00000377
power_05,1,POWER,5,countdown,23,2.500003,0,REST,3,FLEXION,0.863100,0.000000,1150,1250,0.86310030,0.13536579,0.00143650,0.00009388,0.00000353
power_05,1,POWER,5,countdown,24,2.600794,1,POWER,3,FLEXION,0.783951,0.000000,1200,1300,0.21524094,0.78395065,0.00013379,0.00067460,0.00000001
power_05,1,POWER,5,countdown,25,2.700274,1,POWER,3,FLEXION,0.577489,0.000000,1250,1350,0.42167631,0.57748858,0.00029596,0.00053915,0.00000000
power_05,1,POWER,5,countdown,26,2.803907,0,REST,0,REST,0.769939,0.000000,1300,1400,0.76993912,0.22849081,0.00137518,0.00019490,0.00000000
power_05,1,POWER,5,countdown,27,2.900058,0,REST,0,REST,0.975594,0.000000,1350,1450,0.97559382,0.02306425,0.00133010,0.00001182,0.00000000
power_05,1,POWER,5,countdown,28,2.999987,0,REST,0,REST,0.937032,0.000000,1400,1500,0.93703183,0.06049906,0.00241539,0.00005372,0.00000000
power_05,1,POWER,5,active,29,3.103872,1,POWER,0,REST,0.658850,0.000000,1450,1550,0.33761101,0.65885004,0.00180141,0.00173753,0.00000000
power_05,1,POWER,5,active,30,3.201366,0,REST,0,REST,0.945435,0.000000,1500,1600,0.94543509,0.05343006,0.00105640,0.00007846,0.00000000
power_05,1,POWER,5,active,31,3.300593,0,REST,0,REST,0.992256,0.000000,1550,1650,0.99225618,0.00749711,0.00024362,0.00000308,0.00000000
power_05,1,POWER,5,active,32,3.400936,0,REST,0,REST,0.969730,0.000000,1600,1700,0.96973027,0.02977629,0.00048698,0.00000646,0.00000000
power_05,1,POWER,5,active,33,3.501451,0,REST,0,REST,0.625615,0.000000,1650,1750,0.62561494,0.36761818,0.00661894,0.00014794,0.00000000
power_05,1,POWER,5,active,34,3.601483,0,REST,0,REST,0.531844,0.000000,1700,1800,0.46499847,0.53184446,0.00241960,0.00073746,0.00000000
power_05,1,POWER,5,active,35,3.701558,0,REST,0,REST,0.974375,0.000000,1750,1850,0.97437455,0.02540847,0.00019928,0.00001770,0.00000000
power_05,1,POWER,5,active,36,3.801794,0,REST,0,REST,0.990874,0.000000,1800,1900,0.99087408,0.00898129,0.00013691,0.00000772,0.00000000
power_05,1,POWER,5,active,37,3.901479,1,POWER,0,REST,0.859991,0.000000,1850,1950,0.13860396,0.85999126,0.00020438,0.00120041,0.00000000
power_05,1,POWER,5,active,38,4.001514,3,FLEXION,0,REST,0.967609,0.000000,1900,2000,0.00083902,0.03154690,0.00000001,0.96760942,0.00000464
power_05,1,POWER,5,active,39,4.105628,3,FLEXION,0,REST,0.751068,0.000000,1950,2050,0.00000001,0.00003599,0.00000000,0.75106766,0.24889634
power_05,1,POWER,5,active,40,4.201795,3,FLEXION,3,FLEXION,0.993512,1.000000,2000,2100,0.00000000,0.00648843,0.00000000,0.99351151,0.00000006
power_05,1,POWER,5,active,41,4.304734,3,FLEXION,3,FLEXION,0.992256,0.773057,2050,2150,0.00000000,0.00774397,0.00000000,0.99225603,0.00000000
power_05,1,POWER,5,active,42,4.402298,3,FLEXION,3,FLEXION,0.999574,0.629517,2100,2200,0.00000000,0.00042598,0.00000000,0.99957402,0.00000000
power_05,1,POWER,5,active,43,4.503888,3,FLEXION,3,FLEXION,0.999091,0.467292,2150,2250,0.00000000,0.00090913,0.00000006,0.99909081,0.00000000
power_05,1,POWER,5,active,44,4.604962,3,FLEXION,3,FLEXION,0.996228,0.425403,2200,2300,0.00000003,0.00375371,0.00001867,0.99622759,0.00000000
power_05,1,POWER,5,active,45,4.702238,3,FLEXION,3,FLEXION,0.968311,0.449272,2250,2350,0.00000209,0.00978181,0.02190260,0.96831149,0.00000201
power_05,1,POWER,5,active,46,4.804421,3,FLEXION,3,FLEXION,0.607104,0.491324,2300,2400,0.00000147,0.01020000,0.38263213,0.60710415,0.00006225
power_05,1,POWER,5,active,47,4.902345,3,FLEXION,3,FLEXION,0.966222,0.628015,2350,2450,0.00000007,0.00279724,0.03098022,0.96622182,0.00000064
power_05,1,POWER,5,active,48,5.003006,3,FLEXION,3,FLEXION,0.999985,0.865519,2400,2500,0.00000000,0.00001472,0.00000000,0.99998528,0.00000000
power_05,1,POWER,5,active,49,5.102499,0,REST,3,FLEXION,0.542404,1.000000,2450,2550,0.00000000,0.00000428,0.00000000,0.45759214,0.54240357
power_05,1,POWER,5,active,50,5.203112,4,EXTENSION,3,FLEXION,0.748323,1.000000,2500,2600,0.00000000,0.00000000,0.00000000,0.25167680,0.74832320
power_05,1,POWER,5,active,51,5.302992,3,FLEXION,3,FLEXION,0.999997,1.000000,2550,2650,0.00000000,0.00000000,0.00000000,0.99999664,0.00000336
power_05,1,POWER,5,active,52,5.403400,3,FLEXION,3,FLEXION,1.000000,1.000000,2600,2700,0.00000000,0.00000000,0.00000000,1.00000000,0.00000000
power_05,1,POWER,5,active,53,5.507198,3,FLEXION,3,FLEXION,1.000000,1.000000,2650,2750,0.00000000,0.00000000,0.00000000,1.00000000,0.00000000
power_05,1,POWER,5,active,54,5.603394,3,FLEXION,3,FLEXION,0.998710,1.000000,2700,2800,0.00000000,0.00000096,0.00000000,0.99870975,0.00128929
power_05,1,POWER,5,active,55,5.707924,3,FLEXION,3,FLEXION,0.997343,1.000000,2750,2850,0.00000000,0.00265511,0.00000000,0.99734308,0.00000180
power_05,1,POWER,5,active,56,5.804099,3,FLEXION,3,FLEXION,1.000000,1.000000,2800,2900,0.00000000,0.00000015,0.00000000,0.99999985,0.00000000
power_05,1,POWER,5,active,57,5.904060,3,FLEXION,3,FLEXION,1.000000,0.969499,2850,2950,0.00000000,0.00000017,0.00000000,0.99999983,0.00000000
power_05,1,POWER,5,active,58,6.004406,3,FLEXION,3,FLEXION,0.999179,0.812545,2900,3000,0.00000000,0.00017714,0.00000059,0.99917942,0.00064285
power_05,1,POWER,5,active,59,6.104261,3,FLEXION,3,FLEXION,0.995118,0.657458,2950,3050,0.00000000,0.00473154,0.00000414,0.99511848,0.00014585
power_05,1,POWER,5,active,60,6.203861,3,FLEXION,3,FLEXION,0.999700,0.638222,3000,3100,0.00000000,0.00029964,0.00000000,0.99970035,0.00000000
power_05,1,POWER,5,active,61,6.304722,3,FLEXION,3,FLEXION,0.999925,0.741501,3050,3150,0.00000000,0.00007472,0.00000000,0.99992506,0.00000022
power_05,1,POWER,5,active,62,6.404777,3,FLEXION,3,FLEXION,0.999973,0.771679,3100,3200,0.00000000,0.00000744,0.00001983,0.99997271,0.00000002
power_05,1,POWER,5,active,63,6.504876,3,FLEXION,3,FLEXION,0.997527,0.709979,3150,3250,0.00000000,0.00017960,0.00229305,0.99752731,0.00000004
power_05,1,POWER,5,active,64,6.604426,3,FLEXION,3,FLEXION,0.997814,0.551750,3200,3300,0.00000000,0.00218194,0.00000399,0.99781407,0.00000000
power_05,1,POWER,5,active,65,6.704901,3,FLEXION,3,FLEXION,0.999924,0.526375,3250,3350,0.00000000,0.00007625,0.00000007,0.99992368,0.00000000
power_05,1,POWER,5,active,66,6.804925,3,FLEXION,3,FLEXION,0.997814,0.628709,3300,3400,0.00000004,0.00200174,0.00007607,0.99781397,0.00010818
power_05,1,POWER,5,active,67,6.905750,3,FLEXION,3,FLEXION,0.995574,0.636110,3350,3450,0.00000000,0.00396100,0.00016411,0.99557417,0.00030072
power_05,1,POWER,5,active,68,7.004803,3,FLEXION,3,FLEXION,0.997121,0.546774,3400,3500,0.00000001,0.00284507,0.00003379,0.99712075,0.00000039
power_05,1,POWER,5,active,69,7.105019,3,FLEXION,3,FLEXION,0.966280,0.509445,3450,3550,0.00000070,0.03236871,0.00132382,0.96627982,0.00002694
power_05,1,POWER,5,active,70,7.204926,3,FLEXION,3,FLEXION,0.676478,0.509233,3500,3600,0.00000005,0.02584483,0.29767731,0.67647782,0.00000000
power_05,1,POWER,5,active,71,7.305345,2,OPEN,3,FLEXION,0.976339,0.509980,3550,3650,0.00000003,0.00249389,0.97633911,0.02116697,0.00000000
power_05,1,POWER,5,active,72,7.405864,3,FLEXION,3,FLEXION,0.905210,0.516626,3600,3700,0.00000069,0.00473375,0.09005413,0.90521029,0.00000113
power_05,1,POWER,5,active,73,7.505896,3,FLEXION,3,FLEXION,0.995913,0.490932,3650,3750,0.00000006,0.00377480,0.00031213,0.99591301,0.00000000
power_05,1,POWER,5,active,74,7.607036,3,FLEXION,3,FLEXION,0.979999,0.511278,3700,3800,0.00000020,0.01684887,0.00315150,0.97999938,0.00000005
power_05,1,POWER,5,active,75,7.706273,3,FLEXION,3,FLEXION,0.998853,0.534917,3750,3850,0.00000199,0.00046317,0.00068153,0.99885329,0.00000001
power_05,1,POWER,5,active,76,7.806860,3,FLEXION,3,FLEXION,0.719081,0.461082,3800,3900,0.00001443,0.06400415,0.21689011,0.71908056,0.00001075
power_05,1,POWER,5,active,77,7.905916,0,REST,3,FLEXION,0.535628,0.418304,3850,3950,0.00000264,0.20218516,0.26195071,0.53562804,0.00023345
power_05,1,POWER,5,active,78,8.006764,3,FLEXION,3,FLEXION,0.997369,0.464441,3900,4000,0.00000004,0.00262555,0.00000514,0.99736920,0.00000006
power_05,1,POWER,5,active,79,8.106914,3,FLEXION,3,FLEXION,0.985637,0.405840,3950,4050,0.00000002,0.01435643,0.00000674,0.98563679,0.00000002
power_05,1,POWER,5,active,80,8.206842,3,FLEXION,3,FLEXION,0.980728,0.374997,4000,4100,0.00000226,0.01918921,0.00008032,0.98072821,0.00000000
power_05,1,POWER,5,active,81,8.306260,3,FLEXION,3,FLEXION,0.970121,0.418386,4050,4150,0.00008995,0.02876791,0.00102068,0.97012109,0.00000037
power_05,1,POWER,5,active,82,8.407125,3,FLEXION,3,FLEXION,0.993773,0.416334,4100,4200,0.00002738,0.00542407,0.00077526,0.99377269,0.00000060
power_05,1,POWER,5,active,83,8.507329,3,FLEXION,3,FLEXION,0.985713,0.356422,4150,4250,0.00001315,0.01353905,0.00073444,0.98571324,0.00000011
power_05,1,POWER,5,active,84,8.606547,3,FLEXION,3,FLEXION,0.675288,0.307751,4200,4300,0.00030064,0.32150284,0.00290343,0.67528799,0.00000510
power_05,1,POWER,5,active,85,8.710476,1,POWER,3,FLEXION,0.891697,0.347071,4250,4350,0.00000204,0.89169720,0.00164209,0.10663444,0.00002423
power_05,1,POWER,5,active,86,8.807904,0,REST,3,FLEXION,0.515308,0.440605,4300,4400,0.00000012,0.51530801,0.00647100,0.47808850,0.00013237
power_05,1,POWER,5,active,87,8.907807,3,FLEXION,3,FLEXION,0.986996,0.472880,4350,4450,0.00000047,0.01262249,0.00038064,0.98699637,0.00000003
power_05,1,POWER,5,active,88,9.007849,3,FLEXION,3,FLEXION,0.994607,0.392848,4400,4500,0.00000833,0.00534105,0.00004311,0.99460744,0.00000008
power_05,1,POWER,5,active,89,9.107464,3,FLEXION,3,FLEXION,0.902324,0.436611,4450,4550,0.00000046,0.03886415,0.05880588,0.90232374,0.00000577
power_05,1,POWER,5,active,90,9.208022,3,FLEXION,3,FLEXION,0.568511,0.438681,4500,4600,0.00000000,0.09912392,0.33236464,0.56851144,0.00000000
power_05,1,POWER,5,active,91,9.307991,3,FLEXION,3,FLEXION,0.935852,0.437119,4550,4650,0.00000001,0.06367392,0.00047389,0.93585218,0.00000000
power_05,1,POWER,5,active,92,9.409652,3,FLEXION,3,FLEXION,0.999581,0.765045,4600,4700,0.00000000,0.00041633,0.00000000,0.99958146,0.00000220
power_05,1,POWER,5,active,93,9.509656,3,FLEXION,3,FLEXION,0.999986,0.835031,4650,4750,0.00000000,0.00001385,0.00000000,0.99998615,0.00000000
power_05,1,POWER,5,active,94,9.608804,3,FLEXION,3,FLEXION,0.999955,0.667616,4700,4800,0.00000000,0.00004500,0.00000000,0.99995500,0.00000000
power_05,1,POWER,5,active,95,9.708134,3,FLEXION,3,FLEXION,0.999915,0.561487,4750,4850,0.00000000,0.00008501,0.00000000,0.99991499,0.00000000
power_05,1,POWER,5,active,96,9.808951,3,FLEXION,3,FLEXION,0.998724,0.556442,4800,4900,0.00000000,0.00127639,0.00000000,0.99872361,0.00000000
power_05,1,POWER,5,active,97,9.908509,3,FLEXION,3,FLEXION,0.999980,0.809943,4850,4950,0.00000000,0.00001956,0.00000000,0.99998044,0.00000000
power_05,1,POWER,5,active,98,10.008843,3,FLEXION,3,FLEXION,1.000000,1.000000,4900,5000,0.00000000,0.00000000,0.00000000,1.00000000,0.00000000
power_05,1,POWER,5,active,99,10.109123,3,FLEXION,3,FLEXION,1.000000,0.925836,4950,5050,0.00000000,0.00000000,0.00000000,1.00000000,0.00000000
power_05,1,POWER,5,active,100,10.209516,3,FLEXION,3,FLEXION,0.999765,0.509763,5000,5100,0.00000000,0.00023451,0.00000000,0.99976549,0.00000000
power_05,1,POWER,5,active,101,10.309684,1,POWER,3,FLEXION,0.636152,0.473675,5050,5150,0.00001575,0.63615151,0.00000007,0.36381802,0.00001464
power_05,1,POWER,5,active,102,10.409366,3,FLEXION,3,FLEXION,0.803664,0.767931,5100,5200,0.00000001,0.00930498,0.00000000,0.80366390,0.18703111
power_05,1,POWER,5,active,103,10.513418,3,FLEXION,3,FLEXION,1.000000,1.000000,5150,5250,0.00000000,0.00000018,0.00000000,0.99999982,0.00000000
power_05,1,POWER,5,active,104,10.609748,3,FLEXION,3,FLEXION,0.999997,1.000000,5200,5300,0.00000000,0.00000283,0.00000000,0.99999717,0.00000000
power_05,1,POWER,5,active,105,10.709877,3,FLEXION,3,FLEXION,0.999684,1.000000,5250,5350,0.00000000,0.00031498,0.00000002,0.99968405,0.00000095
power_05,1,POWER,5,active,106,10.809142,3,FLEXION,3,FLEXION,1.000000,1.000000,5300,5400,0.00000000,0.00000013,0.00000000,0.99999987,0.00000000
power_05,1,POWER,5,active,107,10.911901,3,FLEXION,3,FLEXION,1.000000,0.975105,5350,5450,0.00000000,0.00000020,0.00000000,0.99999980,0.00000000
power_05,1,POWER,5,active,108,11.010400,3,FLEXION,3,FLEXION,0.983725,0.942981,5400,5500,0.00000000,0.00001769,0.00000093,0.98372477,0.01625661
power_05,1,POWER,5,active,109,11.114442,4,EXTENSION,3,FLEXION,1.000000,1.000000,5450,5550,0.00000000,0.00000000,0.00000001,0.00000006,0.99999993
power_05,1,POWER,5,active,110,11.211849,4,EXTENSION,3,FLEXION,1.000000,1.000000,5500,5600,0.00000000,0.00000000,0.00000000,0.00000000,1.00000000
power_05,1,POWER,5,active,111,11.309912,4,EXTENSION,4,EXTENSION,0.999996,1.000000,5550,5650,0.00000000,0.00000000,0.00000029,0.00000400,0.99999571
power_05,1,POWER,5,active,112,11.411396,4,EXTENSION,4,EXTENSION,0.971313,0.527518,5600,5700,0.00001807,0.01443148,0.00002424,0.01421299,0.97131322
power_05,1,POWER,5,active,113,11.510900,1,POWER,4,EXTENSION,0.988826,0.000000,5650,5750,0.00043762,0.98882647,0.00001076,0.01072512,0.00000002
power_05,1,POWER,5,active,114,11.611309,1,POWER,4,EXTENSION,0.996585,0.000000,5700,5800,0.00088272,0.99658465,0.00001238,0.00252025,0.00000000
power_05,1,POWER,5,active,115,11.719350,1,POWER,1,POWER,0.989666,0.041317,5750,5850,0.00646369,0.98966636,0.00009317,0.00377676,0.00000001
power_05,1,POWER,5,active,116,11.811141,1,POWER,1,POWER,0.851869,0.073867,5800,5900,0.13819534,0.85186903,0.00258993,0.00734383,0.00000187
power_05,1,POWER,5,active,117,11.911885,1,POWER,1,POWER,0.715603,0.056338,5850,5950,0.25401810,0.71560321,0.02640940,0.00396618,0.00000311
power_05,1,POWER,5,active,118,12.011660,1,POWER,1,POWER,0.839068,0.034210,5900,6000,0.13009998,0.83906820,0.02478559,0.00604622,0.00000001
power_05,1,POWER,5,active,119,12.110826,1,POWER,1,POWER,0.960872,0.093339,5950,6050,0.03630932,0.96087176,0.00060136,0.00221747,0.00000009
power_05,1,POWER,5,active,120,12.215361,1,POWER,1,POWER,0.942538,0.075885,6000,6100,0.05620222,0.94253751,0.00024125,0.00101647,0.00000255
power_05,1,POWER,5,active,121,12.311872,1,POWER,1,POWER,0.847173,0.044350,6050,6150,0.15085411,0.84717269,0.00044839,0.00152467,0.00000014
power_05,1,POWER,5,active,122,12.411726,0,REST,1,POWER,0.542479,0.041637,6100,6200,0.54247853,0.45546972,0.00090462,0.00114710,0.00000004
power_05,1,POWER,5,active,123,12.511847,0,REST,1,POWER,0.699712,0.230941,6150,6250,0.69971216,0.29682052,0.00165081,0.00181627,0.00000024
power_05,1,POWER,5,active,124,12.612148,4,EXTENSION,1,POWER,0.997503,1.000000,6200,6300,0.00151334,0.00098393,0.00000000,0.00000002,0.99750270
power_05,1,POWER,5,active,125,12.712170,0,REST,0,REST,1.000000,0.000000,6250,6350,1.00000000,0.00000000,0.00000000,0.00000000,0.00000000
power_05,1,POWER,5,active,126,12.812622,4,EXTENSION,0,REST,1.000000,0.000000,6300,6400,0.00000000,0.00000000,0.00000000,0.00000000,1.00000000
power_05,1,POWER,5,active,127,12.912916,4,EXTENSION,4,EXTENSION,1.000000,1.000000,6350,6450,0.00000000,0.00000000,0.00000000,0.00000000,1.00000000
power_05,1,POWER,5,active,128,13.012805,4,EXTENSION,4,EXTENSION,0.972077,0.701423,6400,6500,0.01051395,0.01616908,0.00000000,0.00123989,0.97207708
power_05,1,POWER,5,active,129,13.112371,4,EXTENSION,4,EXTENSION,1.000000,1.000000,6450,6550,0.00000000,0.00000000,0.00000000,0.00000000,1.00000000
power_05,1,POWER,5,active,130,13.212331,2,OPEN,4,EXTENSION,1.000000,1.000000,6500,6600,0.00000000,0.00000000,1.00000000,0.00000000,0.00000000
power_05,1,POWER,5,active,131,13.315449,2,OPEN,4,EXTENSION,1.000000,1.000000,6550,6650,0.00000000,0.00000000,1.00000000,0.00000000,0.00000000
power_05,1,POWER,5,active,132,13.413336,4,EXTENSION,4,EXTENSION,1.000000,1.000000,6600,6700,0.00000000,0.00000000,0.00000000,0.00000000,1.00000000
power_05,1,POWER,5,active,133,13.512891,4,EXTENSION,4,EXTENSION,1.000000,1.000000,6650,6750,0.00000000,0.00000000,0.00000000,0.00000000,1.00000000
power_05,1,POWER,5,active,134,13.612841,4,EXTENSION,4,EXTENSION,1.000000,1.000000,6700,6800,0.00000000,0.00000000,0.00000000,0.00000000,1.00000000
power_05,1,POWER,5,active,135,13.714388,4,EXTENSION,4,EXTENSION,1.000000,1.000000,6750,6850,0.00000000,0.00000000,0.00000000,0.00000000,1.00000000
power_05,1,POWER,5,active,136,13.813742,3,FLEXION,4,EXTENSION,0.896814,1.000000,6800,6900,0.00000000,0.00043750,0.00000002,0.89681447,0.10274801
power_05,1,POWER,5,active,137,13.915259,2,OPEN,4,EXTENSION,0.999050,1.000000,6850,6950,0.00000000,0.00092669,0.99905002,0.00002329,0.00000000
power_05,1,POWER,5,active,138,14.013810,1,POWER,4,EXTENSION,0.664044,1.000000,6900,7000,0.00000593,0.66404420,0.31995306,0.01599319,0.00000362
power_05,1,POWER,5,active,139,14.118497,2,OPEN,4,EXTENSION,0.996651,1.000000,6950,7050,0.00000000,0.00052198,0.99665083,0.00282719,0.00000000
power_05,1,POWER,5,active,140,14.215138,2,OPEN,2,OPEN,0.990963,1.000000,7000,7100,0.00000000,0.00014101,0.99096285,0.00889615,0.00000000
power_05,1,POWER,5,active,141,14.314236,2,OPEN,2,OPEN,0.742582,1.000000,7050,7150,0.00000183,0.21040997,0.74258211,0.04700595,0.00000014
power_05,1,POWER,5,active,142,14.414182,2,OPEN,2,OPEN,0.931546,1.000000,7100,7200,0.00000180,0.06842776,0.93154608,0.00002435,0.00000002
power_05,1,POWER,5,active,143,14.514612,2,OPEN,2,OPEN,0.984620,1.000000,7150,7250,0.00000136,0.01529042,0.98461955,0.00008866,0.00000001
power_05,1,POWER,5,active,144,14.614367,2,OPEN,2,OPEN,0.617751,1.000000,7200,7300,0.00000660,0.36375316,0.61775142,0.01848882,0.00000000
power_05,1,POWER,5,active,145,14.713957,1,POWER,2,OPEN,0.899746,0.554174,7250,7350,0.00031439,0.89974616,0.00005500,0.09988444,0.00000000
power_05,1,POWER,5,active,146,14.814838,1,POWER,2,OPEN,0.688911,0.118967,7300,7400,0.00370810,0.68891148,0.00005796,0.30732245,0.00000000
power_05,1,POWER,5,active,147,14.914864,1,POWER,1,POWER,0.877866,0.209811,7350,7450,0.04309759,0.87786601,0.01407457,0.06496183,0.00000000
power_05,1,POWER,5,active,148,15.014957,1,POWER,1,POWER,0.762434,0.281315,7400,7500,0.04604334,0.76243429,0.00254878,0.18897358,0.00000000
power_05,1,POWER,5,active,149,15.114827,0,REST,1,POWER,0.526768,0.210193,7450,7550,0.02295856,0.45016226,0.00011141,0.52676777,0.00000000
power_05,1,POWER,5,active,150,15.215239,1,POWER,1,POWER,0.755569,0.065084,7500,7600,0.16202627,0.75556948,0.00152044,0.08088381,0.00000000
power_05,1,POWER,5,active,151,15.315101,0,REST,1,POWER,0.621793,0.013276,7550,7650,0.62179317,0.36717043,0.00226669,0.00876971,0.00000000
power_05,1,POWER,5,active,152,15.415272,0,REST,0,REST,0.785989,0.000000,7600,7700,0.78598928,0.20266853,0.00108550,0.01025669,0.00000000
power_05,1,POWER,5,active,153,15.515759,0,REST,0,REST,0.708832,0.000000,7650,7750,0.70883248,0.24560608,0.00429852,0.04126292,0.00000000
power_05,1,POWER,5,active,154,15.615940,0,REST,0,REST,0.827936,0.000000,7700,7800,0.82793601,0.13099060,0.00104035,0.04003304,0.00000000
power_05,1,POWER,5,active,155,15.715294,0,REST,0,REST,0.743139,0.000000,7750,7850,0.74313950,0.23940387,0.00020652,0.01725012,0.00000000
power_05,1,POWER,5,active,156,15.816484,1,POWER,0,REST,0.968864,0.000000,7800,7900,0.02331052,0.96886419,0.00006100,0.00776429,0.00000000
power_05,1,POWER,5,active,157,15.915991,1,POWER,0,REST,0.967247,0.000000,7850,7950,0.00000050,0.96724749,0.03250295,0.00024906,0.00000000
power_05,1,POWER,5,active,158,16.018221,1,POWER,1,POWER,0.822751,1.000000,7900,8000,0.00000001,0.82275093,0.16810637,0.00719419,0.00194850
power_05,1,POWER,5,active,159,16.120191,2,OPEN,1,POWER,0.993623,1.000000,7950,8050,0.00000000,0.00479666,0.99362328,0.00157904,0.00000103
power_05,1,POWER,5,active,160,16.217428,2,OPEN,1,POWER,0.990809,1.000000,8000,8100,0.00000000,0.00295671,0.99080933,0.00623397,0.00000000
power_05,1,POWER,5,active,161,16.316997,2,OPEN,2,OPEN,0.724571,1.000000,8050,8150,0.00002399,0.06463618,0.72457142,0.21076842,0.00000000
power_05,1,POWER,5,active,162,16.416672,2,OPEN,2,OPEN,0.998007,1.000000,8100,8200,0.00000057,0.00186241,0.99800679,0.00013023,0.00000000
power_05,1,POWER,5,active,163,16.516912,2,OPEN,2,OPEN,0.995420,1.000000,8150,8250,0.00000063,0.00456178,0.99542043,0.00001715,0.00000001
power_05,1,POWER,5,active,164,16.616492,2,OPEN,2,OPEN,0.986851,1.000000,8200,8300,0.00000021,0.01313391,0.98685082,0.00001506,0.00000000
power_05,1,POWER,5,active,165,16.716754,2,OPEN,2,OPEN,0.962205,1.000000,8250,8350,0.00000006,0.03772470,0.96220508,0.00007016,0.00000000
power_05,1,POWER,5,active,166,16.816764,1,POWER,2,OPEN,0.686944,1.000000,8300,8400,0.00000627,0.68694372,0.00817913,0.30487088,0.00000000
power_05,1,POWER,5,active,167,16.916810,3,FLEXION,2,OPEN,0.944731,1.000000,8350,8450,0.00000120,0.05526742,0.00000008,0.94473130,0.00000000
power_05,1,POWER,5,active,168,17.017677,3,FLEXION,2,OPEN,0.976762,1.000000,8400,8500,0.00000075,0.02323708,0.00000002,0.97676215,0.00000000
power_05,1,POWER,5,active,169,17.117072,3,FLEXION,3,FLEXION,0.767819,0.474615,8450,8550,0.00000500,0.23214121,0.00003476,0.76781903,0.00000000
power_05,1,POWER,5,active,170,17.217682,1,POWER,3,FLEXION,0.944696,0.318329,8500,8600,0.00001370,0.94469614,0.00037625,0.05491392,0.00000000
power_05,1,POWER,5,active,171,17.318238,1,POWER,3,FLEXION,0.968233,0.076021,8550,8650,0.00081435,0.96823337,0.00000476,0.03094752,0.00000000
power_05,1,POWER,5,active,172,17.417644,1,POWER,1,POWER,0.871590,0.399636,8600,8700,0.00204601,0.87158971,0.00015404,0.12621023,0.00000000
power_05,1,POWER,5,active,173,17.517574,1,POWER,1,POWER,0.971795,0.416420,8650,8750,0.00836781,0.97179508,0.00310601,0.01673110,0.00000000
power_05,1,POWER,5,active,174,17.618235,0,REST,1,POWER,0.929129,0.126363,8700,8800,0.92912887,0.06867688,0.00165199,0.00054227,0.00000000
power_05,1,POWER,5,active,175,17.717963,0,REST,1,POWER,0.998933,0.023370,8750,8850,0.99893298,0.00093456,0.00009283,0.00003963,0.00000000
power_05,1,POWER,5,active,176,17.817932,0,REST,0,REST,0.999695,0.000000,8800,8900,0.99969500,0.00001901,0.00028509,0.00000090,0.00000000
power_05,1,POWER,5,active,177,17.919355,0,REST,0,REST,0.999359,0.000000,8850,8950,0.99935893,0.00020467,0.00043254,0.00000385,0.00000000
power_05,1,POWER,5,active,178,18.019033,0,REST,0,REST,0.947789,0.000000,8900,9000,0.94778889,0.05137231,0.00076468,0.00007381,0.00000032
power_05,1,POWER,5,active,179,18.120353,0,REST,0,REST,0.783693,0.000000,8950,9050,0.78369283,0.21457482,0.00123044,0.00049152,0.00001039
power_05,1,POWER,5,active,180,18.219132,0,REST,0,REST,0.909879,0.000000,9000,9100,0.90987926,0.08383562,0.00620243,0.00005936,0.00002333
power_05,1,POWER,5,active,181,18.319110,0,REST,0,REST,0.795305,0.000000,9050,9150,0.79530463,0.14072568,0.06141033,0.00007391,0.00248544
power_05,1,POWER,5,active,182,18.419408,0,REST,0,REST,0.550923,0.000000,9100,9200,0.55092316,0.35675193,0.07728343,0.00034138,0.01470010
power_05,1,POWER,5,active,183,18.518953,0,REST,0,REST,0.540727,0.000000,9150,9250,0.54072737,0.21913328,0.23549917,0.00020124,0.00443894
power_05,1,POWER,5,active,184,18.618860,1,POWER,0,REST,0.627227,0.000000,9200,9300,0.30619231,0.62722733,0.05123868,0.00075305,0.01458862
power_05,1,POWER,5,active,185,18.721820,0,REST,0,REST,0.528354,0.000000,9250,9350,0.37493795,0.52835378,0.00772239,0.00098371,0.08800218
power_05,1,POWER,5,active,186,18.819775,1,POWER,0,REST,0.764235,0.000000,9300,9400,0.17972509,0.76423545,0.01967110,0.00430340,0.03206495
power_05,1,POWER,5,active,187,18.919933,1,POWER,1,POWER,0.833521,0.097604,9350,9450,0.11965696,0.83352150,0.04516528,0.00145210,0.00020417
power_05,1,POWER,5,active,188,19.024910,0,REST,1,POWER,0.897490,0.036575,9400,9500,0.89749021,0.03369565,0.06869299,0.00001662,0.00010453
power_05,1,POWER,5,active,189,19.119475,0,REST,0,REST,0.996069,0.000000,9450,9550,0.99606883,0.00128634,0.00263926,0.00000103,0.00000454
power_05,1,POWER,5,active,190,19.228632,0,REST,0,REST,0.985967,0.000000,9500,9600,0.98596672,0.00740557,0.00661270,0.00001402,0.00000099
