sample_index,stamp,residual_x_m,residual_y_m,residual_z_m,residual_roll_rad,residual_pitch_rad,residual_yaw_rad,translation_residual_m,rotation_residual_deg,arm_before_dt_s,arm_after_dt_s,arm_alpha,head_id2_reprojection_error_px,head_id2_distance_m,head_id2_view_angle_deg
0,1779190806.714997053,0.00283159347,0.000356612671,0.00694726307,-0.0236339358,0.0143427195,0.00374536077,0.00751062969,1.59844366,0.0169203281,0.0164322853,0.507316411,0.211036606,0.596423344,17.5517666
1,1779190807.048511028,0.000653861392,0.000110144555,0.000737119979,-0.00298385,-0.00227077835,0.00471894503,0.000991469821,0.345338339,0.0169069767,0.0164458752,0.506912475,0.324617462,0.586833635,20.7632357
2,1779190807.181915045,-0.000324075755,0.00121948138,0.00143079957,-0.000961845371,-0.00649554678,0.00855548868,0.00190770735,0.617928172,0.0169005394,0.0164530277,0.506708603,0.106082403,0.584299786,21.2358245
3,1779190807.215266705,-0.000323309158,0.00113881354,0.00306722952,-0.0103488351,-0.00181050863,0.00776128163,0.00328775334,0.748393035,0.016898632,0.0498085022,0.253325709,0.375214615,0.58525422,20.7286916
4,1779190807.281974554,0.0012807842,0.000816154487,0.00300402298,-0.00820876038,0.0144481223,0.00142645645,0.00336610612,0.95559804,0.0168993473,0.0164542198,0.506672862,0.374461562,0.587822877,20.4098008
5,1779190807.315328598,0.00145537042,0.0024239844,0.00123483483,-0.00393189938,0.0176574426,0.0093733656,0.00308522617,1.16735155,0.0168998241,0.0498070717,0.253344485,0.365620373,0.587565441,20.5157845
6,1779190807.382036924,0.000615337789,-0.000341682806,-0.000567923409,-0.00205025088,0.00746697845,0.00241722014,0.000904391913,0.464775259,0.0169012547,0.0164520741,0.50673367,0.0929075075,0.585241408,21.1411477
7,1779190807.515452623,0.000575189446,-0.00021332602,-0.00100618575,-0.00223859673,0.000332616635,-0.00248132295,0.00117845689,0.192422676,0.0169036388,0.0498030186,0.253402576,0.297154521,0.584089893,21.2367873
8,1779190807.582160473,0.000297706793,-0.000223976734,-0.000651878124,-0.000682403973,0.00398796862,-0.00141544002,0.000750826212,0.245591389,0.0169048309,0.0164484978,0.506840894,0.345317086,0.584431286,21.3417399
9,1779190807.648868084,0.0015745998,0.00319644755,-0.00105638824,-0.0012346043,-0.00161664194,0.00757317014,0.00371653031,0.449290564,0.0169062614,0.0164470673,0.506883783,0.308960636,0.58475747,21.3438246
10,1779190807.682221889,0.00168363735,0.00299712395,-0.00116052949,-0.00044237614,0.000531696376,0.00706629886,0.00362825239,0.406803977,0.0169067383,0.0497996807,0.253449946,0.304083274,0.584821496,21.3993988
11,1779190807.815636873,0.00284582128,0.00497960929,-0.00245433969,0.00731610178,0.024187559,0.00385563084,0.0062385087,1.46460974,0.0169093609,0.0497965813,0.253491074,0.287241626,0.585739568,21.2970307
12,1779190807.882344484,0.00173564924,0.00272672738,-0.00417883281,0.00589727693,0.00111539419,0.00474169409,0.00528300711,0.438249579,0.0169110298,0.0164418221,0.507033998,0.0578559941,0.581689513,22.2399891
13,1779190807.915698290,0.0020965688,0.00276067866,-0.00356348428,0.000148694832,0.00803116811,0.00291482591,0.00497145529,0.489595643,0.0169119835,0.0164408684,0.507062591,0.246229301,0.581436001,21.774664
14,1779190807.949052095,0.00184667655,0.00325850509,-0.00390489847,-0.00510696383,0.00451217884,0.00658449306,0.00541075796,0.54294028,0.0169129372,0.0164399147,0.507091185,0.416426013,0.580757828,21.6054577
15,1779190807.982405424,0.00234801657,0.0040428822,-0.00284362021,-0.000308036805,-0.00836446641,0.00918646706,0.00547213433,0.712060832,0.016913414,0.0164394379,0.507105481,0.144818491,0.580949885,22.2087532
16,1779190808.015759230,0.000850823632,0.00532121885,-0.00670619809,0.00227236161,-0.00357265088,0.0174469152,0.00860304387,1.02865044,0.0169143677,0.0164384842,0.507134075,0.148220443,0.576577028,22.1107304
17,1779190808.049112797,0.00140735967,0.00730234647,-0.00425995162,0.0138975435,0.00592858776,0.0157364693,0.00857042082,1.24994959,0.0169150829,0.0164375305,0.507159145,0.0749198525,0.57807953,22.3789251
18,1779190808.082466602,0.00205575248,0.0065075944,-0.00150565783,-0.00347917715,0.00774726163,0.0147007708,0.00698869864,0.972742289,0.016916275,0.0164365768,0.507191262,0.0460890404,0.579037412,21.5352125
19,1779190808.115820169,0.00215736818,0.00448815027,-9.71420874e-05,0.00539498932,0.0162010965,0.011717467,0.00498067936,1.18656291,0.0169169903,0.0164346695,0.507230836,0.203721509,0.578917658,21.9156082
20,1779190808.149173498,0.000365430324,0.00198438143,-0.00585236165,-0.0126544467,-0.000252683378,0.00809596014,0.0061904318,0.860855389,0.0169186592,0.0164353848,0.507244616,0.102599666,0.57347648,21.905933
21,1779190808.182527065,-0.000114598013,-0.000692364579,-0.00512048582,-0.011085606,-0.0098562428,0.00489242219,0.00516835336,0.894937293,0.0169181824,0.0164358616,0.507230319,0.183062271,0.57327132,22.7583422
22,1779190808.315926313,0.00213658191,0.000958426006,0.00204384472,-0.0189439473,0.0135957908,0.00616489273,0.00310819303,1.38191502,0.0169017315,0.0164523125,0.506737099,0.2103331,0.576083472,21.7319839
23,1779190813.919841290,-0.0208041593,0.00243569691,-0.00408386712,0.00965994039,0.0135976181,-0.00955005395,0.0213406568,1.10123203,0.0169308186,0.0164275169,0.507543866,0.0797083855,0.505263694,29.6850762
24,1779190814.153725624,-0.0101032772,0.00256740065,-0.00462913281,0.0136052181,-0.0127381805,0.00418520755,0.0114059908,1.09445312,0.0173063278,0.0160512924,0.518811825,0.429692737,0.502523322,31.2082681
25,1779190814.187139034,-0.00100177259,-0.000748995816,-0.00294515592,0.00750773425,-0.0139712718,-0.00140750553,0.00319976349,0.912323671,0.0173621178,0.0493600368,0.260215184,0.415261117,0.502891853,31.2018615
26,1779190814.320639849,-0.00120603261,-0.00233166349,-0.00218375701,0.00884804298,0.000412249944,-0.00840402614,0.00341466894,0.699584682,0.0174183846,0.0493040085,0.261057551,0.111937237,0.501583713,31.7634992
27,1779190814.387330532,-0.000279221877,3.06802799e-05,-0.00363026845,0.00675434485,-0.0121013678,0.0026877191,0.00364112004,0.808841317,0.0173866749,0.0493357182,0.260582304,0.184363779,0.501442859,31.8443215
28,1779190814.487365484,-0.000768235595,-0.000385004493,-0.00154441074,0.0124202975,-0.0139792895,0.0014594203,0.00176737629,1.07468042,0.0173377991,0.0493848324,0.25984885,0.280312446,0.50059386,32.3297487
29,1779190814.587399483,-0.000295778874,-0.00126280719,-0.00359767525,0.00819338056,-0.00537271672,-0.0026181296,0.00382432142,0.581071222,0.0172877312,0.0494349003,0.259098462,0.163329765,0.498977946,32.4351085
30,1779190814.720776320,0.00027980304,0.000191503933,-0.000799459084,0.00712453196,-0.00313560582,-0.000982754497,0.000868388349,0.449531987,0.0172185898,0.0161428452,0.516122577,0.105017398,0.500248917,32.3914927
31,1779190814.754120350,-0.000309498492,-0.000459587394,-0.00418494679,0.00930469678,-0.00327035662,-0.000977244125,0.00422146769,0.567857603,0.0172011852,0.0495219231,0.257799519,0.411698231,0.496789434,32.5349722
32,1779190814.954181910,-9.92981789e-05,-0.000209694089,-0.00296850941,0.00433909877,-0.00485057167,-0.00325987856,0.00297756274,0.41705122,0.0170929432,0.0162684917,0.512356355,0.356931214,0.500074169,32.345281
33,1779190815.220925331,-0.00064046569,-0.00202807003,-0.000309475575,0.00494059934,-0.00612213462,-0.00670731192,0.00214919508,0.592334419,0.0169327259,0.0164458752,0.507292857,0.163079239,0.50224471,32.910928
34,1779190815.521020412,6.18802258e-05,0.000741240651,-0.000829063598,0.0180550059,4.32463324e-05,-0.000910027131,0.00111382822,1.03579179,0.0166156292,0.0167639256,0.497778635,0.287497965,0.507590617,33.500736
35,1779190815.754420996,-0.000124176743,-0.000116854159,0.00149720848,0.00679960179,0.00699682113,-0.00644376773,0.00150688685,0.66992521,0.0163552761,0.0170252323,0.489964859,0.103821007,0.512207628,32.5376532
36,1779190815.787763357,-0.00016058422,-0.000442410555,-4.8812166e-05,-0.000555930125,-0.00246836098,0.00142622001,0.000473177576,0.166414087,0.0163171291,0.0170638561,0.488815085,0.042467721,0.512374305,32.0594459
37,1779190815.821105719,-0.00127549919,-0.00203969037,-0.00145177398,0.00987579732,0.00182700836,-0.00974088398,0.00280978338,0.801637684,0.0162785053,0.0171022415,0.487661507,0.221738589,0.511785507,32.6069444
38,1779190816.087839365,-0.00122115788,-0.00169734016,-0.000310143189,0.00585253128,-0.0134319554,-0.000160816492,0.00211385405,0.839525731,0.0159614086,0.0174205303,0.478145043,0.105368248,0.521023454,31.1016842
39,1779190816.121180773,-0.0011073649,-0.00166760226,-0.00094587191,0.00797985137,-0.0228146281,-0.000421242852,0.00221400723,1.38504501,0.0159208775,0.0174610615,0.476930878,0.165156046,0.521695419,31.0894284
40,1779190816.154521704,-0.000870160455,-0.000628953535,-0.00120938505,0.00150685665,-0.0140020195,-0.000683504023,0.00161721179,0.807838684,0.0158798695,0.0175154209,0.475512244,0.446125309,0.523573152,30.4464608
41,1779190816.254544497,-0.000352833468,0.00122577487,0.00146362903,0.00501306772,-0.00400607416,0.000197006511,0.00194144931,0.367847337,0.0158047676,0.0175468922,0.473882491,0.300831407,0.527309011,29.7501859
42,1779190816.321226120,-0.000801613254,-0.000523501705,-6.84030485e-05,0.0231467778,0.00464113811,-0.00551526715,0.000959852499,1.38903176,0.0157837868,0.0175676346,0.473256795,0.139433742,0.527704139,30.4326634
43,1779190816.654625654,0.000412032856,0.000882786396,0.0014333119,0.0134418723,-0.00907081848,-0.000888270873,0.00173305104,0.930510103,0.0156729221,0.017677784,0.469942738,0.118485746,0.535864458,27.7505208
44,1779190816.687964916,8.32068279e-05,0.000645615915,0.00037137868,0.0120926764,-0.0194419851,0.00447960632,0.0007494434,1.33671248,0.015661478,0.0176894665,0.469596237,0.470341049,0.535657429,27.6995609
45,1779190816.787981510,-0.000461219266,-0.00107177199,-0.000817244401,0.0151845208,-0.00603937213,-0.00335439463,0.0014245374,0.955819403,0.0156259537,0.017724514,0.468537768,0.164940681,0.536383621,27.4729146
46,1779190816.821320057,-4.99370449e-05,-0.000958144859,-0.000601283465,0.00425554422,0.004715421,-0.00395673246,0.00113228843,0.428764587,0.0156140327,0.0177366734,0.468176976,0.19369547,0.538885853,26.5835698
47,1779190816.921334982,-4.33335312e-05,-0.000411385287,-0.000425458661,0.00478691422,-0.00364465372,-0.00078616035,0.000593406034,0.347649415,0.0489280224,0.0177726746,0.733545894,0.0978235052,0.540268704,25.9343524
48,1779190816.988010645,0.00017012777,-8.98564404e-05,-0.0014237441,0.000503242613,-0.0189261362,0.00605097908,0.00143668538,1.13882656,0.0155525208,0.0177977085,0.466339246,0.151410281,0.540941693,25.4718772
49,1779190817.088023663,-0.000504422692,-0.000927395629,-0.00105102162,0.00560601769,-0.00797300877,-0.00363013352,0.00148968163,0.595915145,0.0488653183,0.0178351402,0.732608431,0.174343962,0.5433097,25.1276262
50,1779190817.121360779,-0.000249128106,-0.00174367512,0.000482622145,0.000993763506,-0.012796449,-0.00147818499,0.00182630552,0.740251059,0.015501976,0.0178482533,0.464823672,0.305989893,0.545807044,24.8561992
51,1779190817.154697895,-0.000903789928,-0.00310986517,-0.00097678453,0.0114408657,-0.0107357665,-0.00478420317,0.00338263294,0.93978823,0.015488863,0.0178604126,0.464443761,0.209843004,0.544504398,25.2249523
52,1779190817.221372366,0.000419562387,0.000721078134,-0.00015286331,0.00011328497,-0.0066963819,0.000782690436,0.000848147077,0.38634085,0.0154626369,0.017888546,0.46363084,0.22874953,0.548368642,24.0201574
53,1779190817.254727602,-0.000461135824,-0.0014097537,-0.00181928847,0.0102730956,-0.0213799012,-0.00300588823,0.00234730958,1.36992284,0.0154666901,0.0178844929,0.463752368,0.0353288783,0.547688082,24.6913984
54,1779190817.321441412,0.00069935269,0.000564067641,-0.00146390511,0.00274904139,-0.0148050238,0.00132312189,0.00171763927,0.866088978,0.0488293171,0.0178730488,0.732047754,0.0994956592,0.550227517,23.6989993
55,1779190817.655010462,0.000834078445,0.00235027491,0.000134189631,0.00162058127,-0.019556261,0.0125722943,0.00249749591,1.33529435,0.0155384541,0.0178120136,0.465914128,0.237040164,0.55663624,21.8237099
56,1779190817.688367605,0.000116864738,0.000268854837,0.000265282379,0.00739677975,-0.00891035166,0.000607755881,0.000395366958,0.664423769,0.0155451298,0.0178053379,0.466114296,0.271386383,0.556018029,21.9548274
57,1779190817.755081654,0.00104758299,0.000340828629,0.000938631793,0.0063868171,-0.00164533003,-0.00279251394,0.00144728156,0.410362108,0.0489087105,0.0177922249,0.733253742,0.151887056,0.559550577,21.7592881
58,1779190817.888509750,0.000687376229,0.00168740456,0.00239449718,0.00671517741,-0.0129198776,0.00659736114,0.00300889298,0.915912094,0.0155849457,0.0177650452,0.467314841,0.195699937,0.560018402,21.2714277
59,1779190817.921866894,-0.000128843612,0.000728675262,0.00138750165,0.00620393052,-0.0101612484,0.00410549176,0.00157249138,0.721551083,0.0155920982,0.0177583694,0.467522626,0.186587937,0.559964352,21.181934
60,1779190817.955224037,-0.000115331419,-0.001272729,-0.00054599719,0.00502704408,-0.00753623197,-0.00151651071,0.00138969543,0.526266551,0.015598774,0.0177512169,0.467729482,0.177614916,0.559914036,21.0933721
61,1779190817.988580942,0.00144054254,-0.00133191933,0.000745891536,-0.00723464822,-0.0154029918,-0.0044320676,0.00209893451,1.00755164,0.0156056881,0.0177443027,0.467936803,0.227606587,0.564076267,20.5502872
62,1779190818.021938324,0.000745890134,-0.000507299774,-0.00351153368,0.000846294587,-0.0107673261,-0.00149290872,0.00362554464,0.624708742,0.0156130791,0.0177369118,0.468158422,0.144507902,0.562036506,20.722395
63,1779190818.155366898,0.00108104869,0.005045679,0.00128630492,0.0104776669,-0.0353318248,0.0193326097,0.00531809395,2.3844058,0.0156419277,0.017701149,0.469120707,0.0567124832,0.565378815,20.3905071
64,1779190818.222081184,0.000587408584,0.000628605112,0.0033373264,0.0125809388,0.00495998669,0.000400273099,0.00344643885,0.775171256,0.015651226,0.0177109241,0.469131215,0.0836137868,0.567666321,19.5956497
65,1779190818.288802624,-0.00167213401,-0.00444965718,0.00204820248,-0.0137807072,-0.00116181416,-0.0116922528,0.00517596508,1.03761767,0.0490105152,0.0177135468,0.734525354,0.196165131,0.568583098,19.5291022
66,1779190818.422260761,-0.00233496933,-0.00378785793,0.00294796766,-0.0296775395,-0.0214682564,-0.00095787714,0.00533764581,2.09937233,0.0156581402,0.0177037716,0.469341814,0.155437635,0.571572853,18.3307909
67,1779190818.455625534,0.00113560145,0.00104697476,0.00328401277,0.00537066695,-0.0048941445,-9.12823544e-05,0.00362911651,0.416351704,0.0156610012,0.0177013874,0.469420862,0.375717609,0.574436935,18.4235759
68,1779190818.522355556,-7.41297003e-05,-0.000465887598,0.000397024275,0.0105016943,-0.0196611184,-0.00277065053,0.000616583118,1.28695257,0.0156662464,0.0176959038,0.469581437,0.368015634,0.573252482,18.6869623
69,1779190818.956114054,0.00125377563,0.00203595233,-0.000722292172,0.00264352956,-0.0247115362,0.00764991654,0.00249775123,1.48987701,0.0490748882,0.0176506042,0.73547435,0.355253762,0.583278747,15.7470972
70,1779190819.223053932,0.0024055125,0.0013221375,-0.00442265053,-0.00517191615,0.00831591484,0.0069788318,0.00520522581,0.688997531,0.0157511234,0.0176072121,0.472179538,0.132580175,0.591654739,12.9386418
71,1779190819.256422043,0.00214225947,0.000269209079,0.00159501764,-0.00559372775,0.0170146088,-0.0021278029,0.00268436779,1.03341361,0.0157608986,0.0175971985,0.47247595,0.126138849,0.595634723,12.0545827
72,1779190819.356478691,0.00157841925,0.000929337842,0.00178301438,-0.0040150603,0.00057448489,0.0047719502,0.00255621134,0.358830119,0.0157427788,0.0176155567,0.471929386,0.289310246,0.597374446,11.3033168
73,1779190819.623293400,-0.000135209581,-0.00089895203,0.00039052633,0.00485945614,-0.0142510693,-0.00731304222,0.000989397391,0.959063366,0.0156898499,0.0176687241,0.470339346,0.0761558565,0.598487809,11.6686132
74,1779190819.689996481,0.000647599758,-7.87681316e-05,0.00208225045,0.0163427441,0.00803849341,-0.00164082968,0.00218205335,1.04773755,0.0156757832,0.0176830292,0.469914306,0.169792839,0.603899602,11.3697255
75,1779190819.856753111,0.000603447427,-0.000653570984,0.0065106987,0.00545475716,-0.00433934943,-0.00707789306,0.00657118721,0.569166305,0.0156385899,0.0177199841,0.46880271,0.249914497,0.61127144,9.40612432
76,1779190819.890104294,0.00021748784,-0.00138419607,0.000554568848,0.00335180405,-0.0215202836,-0.0106562007,0.00150693276,1.38924462,0.0156311989,0.0177278519,0.468574451,0.32108711,0.607775061,9.91846111
77,1779190820.390396833,0.00135746543,0.0047370506,-0.00112987155,0.0082859855,0.000531265109,0.00967945932,0.00505558805,0.730676727,0.0155720711,0.017780304,0.466895418,0.0366191403,0.61615118,7.28099931
78,1779190820.523832321,0.000898817063,0.00235036759,7.14819426e-05,0.00347274641,-0.0220216387,0.00537283069,0.0025173815,1.31391084,0.0489499569,0.0177547932,0.733830152,0.184491438,0.615388436,7.64079627
79,1779190820.690625906,0.00060640826,-0.000564390211,-0.00276182859,0.000376955314,-0.0115830771,-0.00526660234,0.00288339461,0.729361702,0.048981905,0.0177228451,0.7343091,0.213610656,0.614386013,7.17473522
80,1779190821.057569742,0.00162175329,0.00219587092,0.00132525207,0.0055922895,-0.00950840394,0.00402688494,0.00303450587,0.672827268,0.0157010555,0.0176506042,0.470772838,0.268958575,0.622815487,5.86728008
81,1779190821.257718086,0.00290854892,-8.00734974e-05,0.00453837324,-0.00631447221,0.0122437433,-0.00352597253,0.00539100178,0.814757856,0.0157353878,0.017619133,0.471761771,0.172725783,0.629515917,4.54194844
82,1779190821.658111811,0.0031442632,0.00276310232,0.00416357598,-0.00207916021,-0.0136615618,0.00618645192,0.00590393855,0.867484149,0.0158770084,0.0174772739,0.476011094,0.0372048361,0.634901786,6.41668262
83,1779190821.691478968,0.00309876054,0.00145641759,0.00383282011,0.000187527237,-0.0128882362,0.000336024031,0.00513945319,0.738770616,0.015889883,0.0174643993,0.476397089,0.0387664334,0.635195357,6.40051258
84,1779190821.758213520,0.00254885825,-0.000226221279,0.00169518282,0.019785208,0.00165310368,-0.00728441833,0.00306944608,1.21170747,0.0159158707,0.0174384117,0.477176228,0.161159242,0.635020095,5.29006013
85,1779190823.359222889,0.0027171754,-0.000638340343,0.0056937889,0.017505521,-0.00231243627,-0.00512991157,0.00634111604,1.05353621,0.0157842636,0.0175790787,0.473101989,0.546348564,0.653859511,10.6916213
86,1779190827.095101833,0.00243229977,8.59828218e-05,0.0103828639,0.0179263964,0.00499072689,0.00173498558,0.0106643021,1.07079239,0.0159173012,0.0174326897,0.477280526,0.315371434,0.667593745,19.712006
87,1779190827.228488207,0.00222035404,-0.00109539341,0.0101925886,0.00730421045,0.0015100925,-0.00408473125,0.010488981,0.487239546,0.0159034729,0.0174474716,0.476852249,0.246767997,0.666151504,20.6562242
88,1779190828.895822048,0.00490387833,0.00276498093,0.00315090373,-0.00798806707,0.0191005932,0.0147983163,0.00645146004,1.45809827,0.0490000248,0.0177075863,0.734549237,0.213563564,0.647572046,17.6149492
89,1779190830.997651339,0.00488212143,0.00368061142,0.0010196802,-0.0388393824,0.00697140328,0.0226018279,0.00619852868,2.60550358,0.0494697094,0.0172479153,0.741478877,0.207747283,0.664515966,19.7430835
90,1779190832.064909697,0.00140668764,-0.00210642952,0.00533313306,-0.0236563246,0.0214829935,0.00553191765,0.00590407687,1.85813562,0.015280962,0.0181055069,0.457699257,0.0947640139,0.687935889,23.3703796
91,1779190833.834719896,0.00485024878,0.000764631269,0.00676569733,0.00842972222,-0.0113487388,0.00508313703,0.0083596791,0.860758007,0.0172147751,0.0494885445,0.258079736,0.0369087572,0.752361294,42.8572559
92,1779190834.068138123,0.00457783737,-0.000663743936,0.00774120197,0.00518243385,-0.00625778377,0.0143051948,0.00901794649,0.942608873,0.0171723366,0.0161790848,0.514890697,0.247516629,0.756833651,44.339349
93,1779190834.301552773,0.00364666865,-1.77811798e-05,0.00585812628,-0.008596446,-0.00637692985,0.00878897069,0.00690044578,0.793520947,0.0171201229,0.0162365437,0.513244418,0.281776439,0.756605146,45.9207821
94,1779190834.635056973,0.00308242725,0.000651539384,0.00627649871,0.006447095,-0.00562890464,0.00936547641,0.00702284112,0.726915576,0.0170574188,0.0162992477,0.511364611,0.158265025,0.760895988,45.513376
95,1779190835.035253525,0.00399459315,7.23953357e-05,0.00626225783,0.0031742531,-0.000128099352,0.00993816576,0.00742818206,0.597799658,0.016972065,0.01638484,0.50880215,0.134629035,0.751788256,42.9997006
96,1779190835.068602800,0.00357853937,0.00162092469,0.000649428264,-0.0177257299,0.00329341214,0.0153159955,0.00398184605,1.35541493,0.0169644356,0.0163924694,0.50857343,0.271460855,0.746871959,43.4472244
97,1779190835.302047014,0.0033353205,0.00454502562,0.00428220826,-0.00592474032,-0.00358159105,0.0226668359,0.00707947232,1.35794115,0.0169167519,0.0164351463,0.507220062,0.106294928,0.732430083,40.9956979
98,1779190836.302461147,0.00511638355,0.00213084665,0.00533563585,0.00120257951,0.00451993498,0.0107271583,0.00769330215,0.67050246,0.016767025,0.0499806404,0.251200171,0.14951371,0.704067204,29.7966358
99,1779190836.435883284,0.00448907762,0.00226975904,0.00665221335,0.00226632123,0.0012929861,0.0154441971,0.00833999798,0.897426865,0.0166931152,0.0166811943,0.500178594,0.24053993,0.696807564,28.2859271
100,1779190836.569305658,0.00394559202,0.00210134956,0.00239337667,-0.00557557985,-0.00138964813,0.00778784955,0.00507066251,0.554523737,0.0499923229,0.016756773,0.748958802,0.305294362,0.684111219,25.8724766
101,1779190836.702728271,0.00467060179,0.00874808897,-0.00113076452,0.00900618602,-0.00190716383,0.0195431912,0.00998109263,1.23775459,0.0165412426,0.0168337822,0.495617388,0.232015655,0.673546653,22.8507031
102,1779190836.736083984,0.0043457334,0.00765634716,0.00341360055,0.006418739,-0.00896337536,0.0197715476,0.00944233654,1.2970332,0.0165219307,0.0168530941,0.495038754,0.237172376,0.673756557,22.6701009
103,1779190836.902862549,0.00408743234,0.00169194118,0.00511720609,-0.00965297426,-0.0117918792,0.00805077093,0.00676428609,0.98748946,0.0497994423,0.016951561,0.746047847,0.224400332,0.664625148,20.5292463
104,1779190837.169708967,0.00244557632,0.00198174649,-0.00179566915,-0.0108985346,0.0207481955,0.0044269812,0.00362389161,1.36655399,0.0162627697,0.0171134472,0.487256233,0.309674387,0.653384638,18.0296564
105,1779190837.203064919,0.00336556149,0.00162056926,0.00216005922,-0.0034065716,0.0148113103,0.00363619687,0.00431498606,0.895358288,0.0162425041,0.0171501637,0.486409299,0.0455516871,0.652898025,17.9022264
106,1779190837.569903135,0.00168574529,0.0022468277,-3.71427653e-05,-0.0322925749,-0.00598980214,0.00805630995,0.00280915495,1.93757372,0.0161485672,0.0172052383,0.484159661,0.147663142,0.637723252,16.2795134
107,1779190839.804215908,0.00080442543,0.0012678899,-0.00268670239,-0.00516214882,-0.00280399811,0.00544771817,0.00307782631,0.459038321,0.015740633,0.017616272,0.471885297,0.324618874,0.595260188,2.3691514
108,1779190840.104488850,0.00258473076,0.00198292189,-0.00198557253,-0.000935375301,-0.015726719,0.00151780992,0.00381514228,0.906846431,0.0158009529,0.0175561905,0.473690229,0.439713837,0.586057551,2.30728335
109,1779190840.904917479,0.0023659677,0.00458643034,-0.0029129493,0.0331741645,-0.0268232873,0.0120228913,0.00592607966,2.53954379,0.0154628754,0.0179052353,0.463402784,0.0996434303,0.565304932,8.00954343
110,1779190840.971608162,-0.000135501679,0.00179085101,-0.000979051563,-0.00129870661,0.0327468812,0.0112849617,0.00204549505,1.98593753,0.0154173374,0.0179510117,0.462034768,0.174693754,0.567007399,6.13078647
111,1779190841.138333082,0.00139154953,0.00123728188,-0.00247221737,0.00262422594,-0.0289531925,0.00530109557,0.00309501782,1.69316109,0.0153002739,0.0180683136,0.458523271,0.0679963897,0.557998683,7.79180951
112,1779190841.171677828,-0.00168467022,-0.00172007719,-0.00308297363,-0.00422170449,0.0420992631,-0.00334567491,0.0039117139,2.43177509,0.015276432,0.0180921555,0.457808771,0.322775455,0.558704631,7.68716352
113,1779190841.238366842,0.000162512625,-0.00142440801,-0.00250788833,0.0185104059,0.026059934,-0.0042376033,0.00288874582,1.84747802,0.0152282715,0.0181405544,0.45636222,0.408039517,0.558872051,9.40904852
114,1779190841.705343246,-0.0180962817,0.00798998646,-0.0004217395,-0.00013843762,0.0330960377,0.0121256502,0.0197861861,2.01954276,0.0486023426,0.0181026459,0.728616311,0.142884448,0.542405554,12.4923984
115,1779190841.772060394,-0.0247544461,-0.00515662214,0.00505740235,-0.0236462251,-0.0318553284,-0.013686886,0.0257866375,2.40453721,0.048614502,0.0180902481,0.728801201,0.146573739,0.538772214,13.0316175
116,1779190841.838777304,-0.0188483223,0.00517078967,0.00275226296,-0.0402887702,0.0535242192,0.00767863854,0.0197375599,3.86353243,0.0486266613,0.0180778503,0.728986093,0.189607155,0.538210865,12.3161096
117,1779190842.105648756,7.94170133e-05,-0.000557911628,-0.0032400365,0.0296078595,-0.00296489224,-0.00481582526,0.00328867891,1.72707396,0.0153286457,0.0180230141,0.459606683,0.0254280933,0.524267559,17.9460277
118,1779190842.139007807,-0.000375126924,-0.000878364029,-0.000911457587,0.0104043941,-0.00157394157,0.00182839331,0.00132022669,0.611943954,0.0153360367,0.0180160999,0.459821716,0.363892605,0.523864205,17.3437139
119,1779190842.172366858,-0.000431989612,0.00139708505,-0.000270674781,0.0315971776,0.0140922503,0.00402906885,0.00148718745,1.99567586,0.0153429508,0.0180089474,0.460032312,0.452081235,0.523533637,18.8631427
120,1779190842.205726385,-0.000145293398,0.000208218706,0.000335360793,0.00597561956,-0.0379627465,0.0033376651,0.000420632931,2.21017544,0.0153505802,0.0180010796,0.460264356,0.34959256,0.522181185,17.3766604
121,1779190842.272444963,-0.000785318064,-0.00144454291,-0.00118410657,0.0159426207,-0.0161265469,-0.00425607221,0.00202621249,1.32196502,0.015365839,0.0179924965,0.460629668,0.212208706,0.519883813,18.9284966
122,1779190842.339162827,-0.00378269782,-0.00562921426,0.000122907671,0.0172495397,0.0130566199,-0.0130409918,0.0067832118,1.44731612,0.0487253666,0.0179915428,0.730330092,0.27972827,0.519226854,20.7608084
123,1779190842.405872107,-0.00361628493,-0.00600535819,0.000538419383,-0.0129473882,0.0335497103,-0.0167210874,0.00703077088,2.27227628,0.0487177372,0.0179989338,0.730218347,0.155391726,0.518406636,20.171723
124,1779190842.539289951,-0.000945064808,-0.00155051772,-0.00377960482,-0.0117767669,-0.0193858435,-0.00287485913,0.00419316888,1.31001758,0.0487020016,0.0180146694,0.729982489,0.386648538,0.517175559,19.9574618
125,1779190842.605998755,-0.00440397998,-0.00600828406,0.00256849037,-0.00945874813,-0.0017823126,-0.0155040773,0.00787982612,1.04558278,0.0153355598,0.0180227757,0.459721974,0.250045027,0.517502067,21.5257828
126,1779190842.639353037,-0.00136937864,-0.00273738058,-0.000178787527,-0.019749401,0.0133202833,-0.0125347624,0.00306600966,1.54229879,0.0153315067,0.0180268288,0.459600472,0.0891211256,0.517577789,20.6930563
127,1779190842.772769928,0.000435643613,-7.43522493e-05,-0.00232071951,-0.00789467454,-0.0182737461,0.00109846583,0.00236242516,1.14227483,0.0153150558,0.0180432796,0.459107315,0.436440991,0.514283786,21.7934372
128,1779190842.972894192,-0.00217827791,-0.0036486754,-0.000644281064,-0.0190472213,0.00778476844,-0.0100304429,0.00429800243,1.31157166,0.0152895451,0.0180690289,0.458339289,0.36837995,0.510980667,23.2019816
129,1779190843.006248236,0.000699966351,-0.000810838698,-0.00252246052,0.0172516557,0.00215177901,-0.00183881722,0.00274047795,1.00166235,0.0152850151,0.018073082,0.458210043,0.443837114,0.509133305,24.5176756
130,1779190843.072956085,0.000828412919,0.000134203266,-0.00646494635,0.0203551388,0.00674015272,0.000560877629,0.00651918782,1.22895897,0.015276432,0.018081665,0.457952742,0.458994634,0.508495886,24.5683172
131,1779190843.139663935,-0.00264191048,-0.00492137768,-0.00165474917,0.00805735067,0.0155149728,-0.0135430315,0.00582561963,1.26706476,0.0152676105,0.0180904865,0.457688294,0.159265074,0.509615819,24.8698908
132,1779190843.206371069,-0.000171800759,-0.000711183314,-0.00253769329,0.0151335411,0.0241641376,-0.00529281411,0.00264105744,1.66152178,0.0486166477,0.0180997849,0.728705745,0.169526649,0.509318172,24.6879916
133,1779190843.273078680,-0.003016426,-0.00558312467,-0.00158119247,-0.0330479409,0.0175523622,-0.0164176529,0.00653989882,2.34128191,0.015250206,0.0181109905,0.457124072,0.0312387988,0.510261568,22.6220507
134,1779190843.306433201,-0.00439591418,-0.010420821,-0.00118995536,-0.0186278071,0.0134297343,-0.0310483466,0.0113724916,2.21265054,0.0152435303,0.0181181431,0.456917437,0.197972532,0.509164174,23.8651117
135,1779190843.373138428,1.4502127e-05,-0.00208794565,-0.00733321228,0.0301218461,0.00769646172,-0.00729321607,0.00762467899,1.82965811,0.0152256489,0.0181360245,0.456381451,0.161560341,0.50818223,25.311843
136,1779190843.406491280,0.000607021437,-0.00170678848,-0.00513716358,0.0112609365,0.0179109516,-0.00439424261,0.00544720586,1.23806654,0.0152168274,0.0181446075,0.45612029,0.172651466,0.512087325,24.3967821
137,1779190843.539901495,-0.00189278105,-0.00516305719,-0.00327080664,-0.000266305632,0.0119057689,-0.0170869833,0.00639827755,1.19332578,0.0151805878,0.0181810856,0.455030766,0.404875631,0.512989136,24.679468
138,1779190843.573254108,0.000104396051,-0.00691849936,0.000237296972,-0.0103395737,-0.00268583608,-0.0151655102,0.00692335481,1.06285323,0.0151715279,0.0181899071,0.454762449,0.179311369,0.515628404,24.3144108
139,1779190843.873425245,-0.000910512639,-0.00212216761,-0.00511574549,0.00759916216,0.0208131504,-0.00824117163,0.00561279614,1.35447442,0.0484492779,0.0182743073,0.726119224,0.271258761,0.508014068,27.3683112
140,1779190843.940129757,-0.000457877033,-0.00317247531,-0.00644136088,0.00348057187,0.0392583592,-0.0114495076,0.00719481626,2.35151845,0.015068531,0.0182933807,0.451668691,0.141369939,0.505832147,27.7819657
141,1779190845.274019718,-0.00121628466,-0.00405445331,0.00287056295,0.00650545874,-0.0105751617,-0.0106468098,0.00511449623,0.937113763,0.0146448612,0.0187163353,0.438978896,0.464551577,0.480690703,35.9699211
142,1779190848.777513266,0.00184668736,0.000846527678,-0.00485399757,0.00267360594,0.0142972684,-0.0054510227,0.0052619536,0.889974626,0.0157134533,0.0176408291,0.471107521,0.106652356,0.410077084,42.799712
143,1779190848.844295025,-0.00130054882,-0.00237403261,0.00064124202,-0.0100751604,0.010946417,-0.0121453676,0.00278184281,1.1003816,0.0157864094,0.017567873,0.473294829,0.255074104,0.408689345,42.9641057
144,1779190856.549241304,0.000736885039,-0.00246785852,0.00335761172,-0.00216820045,-0.0154405755,-0.00790830769,0.00423165236,1.00169966,0.0487029552,0.0180065632,0.730075054,0.340767143,0.402263615,42.4286563
145,1779190856.649290562,-0.0042082946,-0.00787951642,0.00121132092,-0.00576702865,-0.00197624725,-0.0181350866,0.0090146448,1.09620099,0.0153329372,0.0180215836,0.459695923,0.429480937,0.400873006,42.9236023
146,1779190856.715990067,-9.87939796e-05,-0.00380368955,0.00138910712,0.00471575372,0.00440494383,-0.0138162672,0.00405060897,0.873701653,0.0153231621,0.0180315971,0.459399571,0.357899873,0.401435651,43.2402228
147,1779190856.749339581,0.000233183993,0.0010524032,-0.00131867935,0.00432261722,0.00213570355,0.00206079189,0.00170318599,0.300423974,0.0153179169,0.0180368423,0.459242316,0.438256478,0.401719332,42.8310753
148,1779190856.782689095,-0.000265280076,0.000386636278,-0.00214139674,0.000864243184,0.00381709396,-0.00610645179,0.00219213164,0.415565764,0.0153126717,0.0180420876,0.459085061,0.199048063,0.402457275,42.6165641
149,1779190856.849388123,-0.000721041404,-0.00363630436,0.00327232703,0.00579916369,-0.00697327012,-0.00930931163,0.00494476837,0.744668992,0.0486569405,0.0180528164,0.729382668,0.265838075,0.401203924,43.1672753
150,1779190856.882737637,-0.00159409261,-0.00207513689,0.00386183449,-0.00572819108,-0.0132906748,-0.00739268144,0.00466487835,0.931133011,0.0152966976,0.0180580616,0.458606147,0.397987111,0.402021714,42.4656834
151,1779190856.916086912,-0.0052497259,-0.00772832438,0.00573132687,-0.0172683636,-0.0131680554,-0.0209849575,0.0109605989,1.73025903,0.015291214,0.0180635452,0.458441744,0.18798513,0.401986217,42.538889
152,1779190863.820780277,-0.00330466068,-0.00240000332,-0.0038383283,-0.0141507828,0.00572779217,-0.00811150958,0.0056047803,0.990486184,0.0476999283,0.0190019608,0.7151211,0.15611613,0.502715147,8.15368047
153,1779190863.854149103,0.00306963636,0.000158042331,0.00226050896,-0.0146348374,-0.0367309425,0.000318429947,0.00381543517,2.26549715,0.0143668652,0.0189836025,0.430784518,0.275313942,0.503391216,6.94976297
155,1779190864.321329117,-0.00428415189,-0.00612736428,-0.00682344838,-0.00647437005,0.0355634702,-0.0179302336,0.0101221538,2.31191925,0.0479912758,0.0187203884,0.71938358,0.276848983,0.504207431,10.2039387
156,1779190870.392639875,0.00191769589,0.00391175789,0.00377111831,0.00825230412,-0.012643081,0.00433512995,0.00576200839,0.900002304,0.0153205395,0.0180580616,0.458992857,0.28522232,0.569734871,20.6256034
157,1779190870.892924070,-0.00235619927,-0.00381978425,-0.00279936437,-0.0338811937,0.0245528867,-0.00728448227,0.00528950542,2.43344775,0.0482823849,0.018481493,0.723181253,0.237756049,0.574066345,19.7879211
158,1779190871.293145180,-0.00081511054,-0.000126277843,-0.00084867927,-0.00762997497,0.0134816502,-0.00109335984,0.00118347277,0.889777531,0.0145232677,0.0188612938,0.435029459,0.326810691,0.577515396,18.2791218
159,1779190871.426552773,-0.000712898911,-0.00591940884,0.00143167009,-0.00367714638,0.0291001049,-0.0155584211,0.00613166414,1.90235964,0.0144457817,0.0189044476,0.433153895,0.325055983,0.579837307,18.3647212
160,1779190871.726767063,-5.90064102e-05,-0.00340900586,-0.00342132023,-0.0442451981,0.0136501564,-0.0082353363,0.00483013818,2.6945987,0.0145096779,0.0188400745,0.43507603,0.0937521259,0.579220185,22.6118199
161,1779190872.127052069,-0.000193815576,-0.00257712203,-0.00102645472,-0.0301752886,0.00411714617,-0.0125424574,0.00278077898,1.8871217,0.0146026611,0.0187466145,0.437870415,0.147877981,0.583292991,24.4910677
162,1779190872.193766117,-0.000339664186,0.00279934012,-0.00373776712,-0.00923988988,0.0303226923,0.00590285107,0.00468215548,1.84745342,0.0146188736,0.0187299252,0.438362824,0.328295527,0.581323132,23.8645201
163,1779190872.260480165,-0.000146898284,0.00299025659,-0.000661769904,0.0121748017,0.0370566983,0.0120228994,0.00306612997,2.33860485,0.0146353245,0.0187132359,0.438859259,0.144165989,0.582748283,23.3284102
164,1779190872.393908262,0.00160826228,0.000245099138,0.000284047719,-0.0168441659,-0.00605966726,-0.00520121031,0.00165144308,1.06806784,0.0146679878,0.0186800957,0.439845001,0.0978729181,0.578550207,23.5146314
165,1779190872.727552891,0.00347160552,0.00135023802,-0.00102277003,-0.0274307317,0.00593593432,-0.00270796456,0.00386280289,1.6155108,0.0481815338,0.0185132027,0.722418835,0.0773824571,0.574701891,25.0407932
166,1779190875.296144485,0.00283079825,0.003919457,-0.00101679013,-0.0237800509,-0.0145831886,-0.00153663925,0.00494058945,1.60071885,0.015840292,0.0175011158,0.475093676,0.14881057,0.536423079,16.8970003
